"",,,"NY State Highway Bridge Data:  October 31, 2017",,,,,
"",,,Steuben County,,,,,
"",,,,,Year,Date,,NYS
"",,,,,Built or,of Last,SD/FO,Condition
nty,Municipality,Location,Feature Carried Feature Crossed,Owner,Replaced,Inspection,Status,Rating
uben,Addison (Town),1.6 MI E OF_ADDSION,417 417 64041338 GOODHUE CREEK,NYSDOT,1997,09/28/2015,N,5.85
uben,Addison (Town),1.5 MI W OF ADDISON,COUNTY ROAD 119 CATHERINE CREEK,30 - County,1961,09/21/2017,N,6.00
uben,Addison (Town),1.6 MI N OF ADDISON,JOHN RIAL ROAD GOODHUE CREEK,40 - Town,1998,09/15/2016,N,6.10
uben,Addison (Village),IN ADDISON,417 417 64041320 CANISTEO RIVER,NYSDOT,1997,05/13/2016,N,5.37
uben,Addison (Village),IN ADDISON,SOUTH STREET TUSCARORA CREEK,41 - Village,1951,04/25/2017,FO,6.64
uben,Arkport (Village),S END OF ARKPORT,36  36 64013043 LIMEKILN CREEK,NYSDOT,1967,04/19/2016,N,5.00
uben,Arkport (Village),W END OF ARKPORT,961F 70 64021026 MARSH DITCH,NYSDOT,1968,04/19/2016,N,5.00
uben,Arkport (Village),1.6 MI SW OF ARKPORT,COUNTY ROAD 67 CANISTEO RIVER,30 - County,1950,10/14/2015,N,5.19
uben,Arkport (Village),IN ARKPORT,HURLBUT STREET MARSH DITCH,41 - Village,1974,09/03/2015,N,4.86
uben,Arkport (Village),VILLAGE OF ARKPORT,MEADOWBROOK ROAD LIME KILN CREEK,41 - Village,1955,09/22/2015,N,4.67
uben,Avoca (Town),.7 MI NW JCT I86 & SR 53,86I 17 64034A01 390I390I64011003,NYSDOT,1971,10/11/2017,N,5.99
uben,Avoca (Town),2.4 MI W JCT RTS 17 + 415,86I 17 64044177 CO RD 70A,NYSDOT,1970,06/14/2016,N,6.03
uben,Avoca (Town),2.4 MI W JCT SR17 & SR415,86I 17 64044177 COUNTY ROAD 70A,NYSDOT,1970,06/14/2016,N,6.10
uben,Avoca (Town),JCT RTS 17 + 415,86I 17 64044199 415  15 64011350,NYSDOT,1973,07/19/2017,N,4.47
uben,Avoca (Town),.4 MI E JCT I86 & SR 415,86I 17 64044201 B & H RR,NYSDOT,1973,07/20/2017,N,5.25
uben,Avoca (Town),.4 MI E JCT I86 & SR 415,86I 17 64044201 B & H RR,NYSDOT,1973,07/20/2017,N,4.93
uben,Avoca (Town),0.5 MI. W JCT RTS 17+390,86I 17 64044203 COHOCTON RIVER,NYSDOT,1973,04/25/2017,N,5.46
uben,Avoca (Town),0.5 MI. W JCT RTS 17+390,86I 17 64044203 COHOCTON RIVER,NYSDOT,1973,04/25/2017,N,5.35
uben,Avoca (Town),JCT I86 & I390,86I 17 64044207 390I390I64011007,NYSDOT,1973,10/11/2017,N,6.28
uben,Avoca (Town),1.4 MI NW OF AVOCA,390I 390I64011043 TEN MILE CREEK,NYSDOT,1974,07/21/2015,N,4.68
uben,Avoca (Town),NE END OF AVOCA,390I390I64011030 COUNTY ROAD 8,NYSDOT,1974,05/20/2016,N,6.63
uben,Avoca (Town),NE END OF AVOCA,390I390I64011030 COUNTY ROAD 8,NYSDOT,1974,05/20/2016,N,6.72
uben,Avoca (Town),.7 MILE NW OF AVOCA,390I390I64011038 COUNTY ROAD 7,NYSDOT,1974,07/18/2016,N,5.36
uben,Avoca (Town),.7 MILE NW OF AVOCA,390I390I64011038 COUNTY ROAD 7,NYSDOT,1974,07/18/2016,N,5.42
uben,Avoca (Town),1.5 MILES NW OF AVOCA,390I390I64011044 COHOCTON RIVER,NYSDOT,1974,10/13/2015,N,5.18
uben,Avoca (Town),1.5 MILES NW OF AVOCA,390I390I64011044 COHOCTON RIVER,NYSDOT,1974,10/13/2015,N,5.16
uben,Avoca (Town),.3 MILE SE OF WALLACE,390I390I64011055 NEIL CREEK,NYSDOT,1974,07/21/2015,N,5.26
uben,Avoca (Town),.3 MILE SE OF WALLACE,390I390I64011055 NEIL CREEK,NYSDOT,1974,07/21/2015,N,4.91
uben,Avoca (Town),.2 MILE SOUTH OF WALLACE,390I390I64011057 COHOCTON RIVER,NYSDOT,1974,08/18/2015,N,5.98
uben,Avoca (Town),.2 MILE SOUTH OF WALLACE,390I390I64011057 COHOCTON RIVER,NYSDOT,1974,08/18/2015,N,5.80
uben,Avoca (Town),JCT I390 & SR 415,390I390I64011058 415  15 64011426,NYSDOT,1976,07/13/2016,N,5.63
uben,Avoca (Town),JCT I390 & SR 415,390I390I64011058 415  15 64011426,NYSDOT,1976,07/13/2016,N,5.70
"",,,"NY State Highway Bridge Data:  October 31, 2017",,,,,
"",,,Steuben County,,,,,
"",,,,,Year,Date,,NYS
"",,,,,Built or,of Last,SD/FO,Condition
nty,Municipality,Location,Feature Carried Feature Crossed,Owner,Replaced,Inspection,Status,Rating
uben,Avoca (Town),.3 MILE NW OF WALLACE,390I390I64011059 B & H RR,NYSDOT,1976,04/17/2017,N,5.94
uben,Avoca (Town),.3 MILE NW OF WALLACE,390I390I64011060 B & H RR,NYSDOT,1976,04/17/2017,N,5.57
uben,Avoca (Town),3.6 MI S OF COHOCTON,390I390I64011067 COHOCTON RIVER,NYSDOT,1976,11/01/2016,N,5.66
uben,Avoca (Town),3.6 MI S OF COHOCTON,390I390I64011069 COHOCTON RIVER,NYSDOT,1976,11/04/2015,N,5.84
uben,Avoca (Town),JCT SR 415 & COHOCTON RIV,415  15 64011379 COHOCTON RIVER,NYSDOT,1991,04/14/2016,N,5.12
uben,Avoca (Town),0.6 MI NW JCT RTS 17 +415,415  15 64011383 SALMON CREEK,NYSDOT,1940,08/25/2015,N,4.25
uben,Avoca (Town),0.5 MI S OF WALLACE,415  15 64011422 NEIL CREEK,NYSDOT,1961,11/12/2015,N,6.12
uben,Avoca (Town),0.1 MI S OF WALLACE,415  15 64011425 COHOCTON RIVER,NYSDOT,2003,11/03/2015,N,5.60
uben,Avoca (Town),N END OF WALLACE RTE 415,415  15 64011433 TWELVE MILE CR,NYSDOT,1970,03/21/2016,N,6.05
uben,Avoca (Town),0.8 MI SW JCT RTS 17 +415,86I  17 64044191 GOFF CREEK,NYSDOT,1970,07/21/2015,N,5.47
uben,Avoca (Town),0.8 MI SW JCT RTS 17 +415,86I  17 64044191 GOFF CREEK,NYSDOT,1970,07/21/2015,N,5.56
uben,Avoca (Town),JCT RTS 17 + 415,86I 17 64044199 415  15 64011350,NYSDOT,1973,07/19/2017,N,4.61
uben,Avoca (Town),1.3 MI SE OF AVOCA,961J 961J64011002 B & H RR,NYSDOT,1973,08/12/2015,N,4.83
uben,Avoca (Town),1.2 MI SE OF AVOCA,961J 961J64011004 390I390I64011019,NYSDOT,1973,07/27/2017,N,5.16
uben,Avoca (Town),1.7 MILES SW OF WALLACE,CLYMO ROAD NEIL CREEK,40 - Town,1982,07/11/2017,SD,3.63
uben,Avoca (Town),1.6 MI SE OF WALLACE,COUNTY ROAD 105 TENMILE CREEK,30 - County,1964,06/26/2017,N,5.82
uben,Avoca (Town),0.3 MI E OF WALLACE,COUNTY ROAD 105 WALLACE CREEK,30 - County,1936,07/19/2017,N,6.62
uben,Avoca (Town),3.1 MILES WEST OF WALLACE,COUNTY ROAD 6 NEILS CREEK,30 - County,1988,06/26/2017,N,5.89
uben,Avoca (Town),1.4 MILES SW OF WALLACE,COUNTY ROAD 6 NEILS CREEK,30 - County,1983,09/28/2017,SD,7.00
uben,Avoca (Town),0.7 MI S OF WALLACE,COUNTY ROAD 6 NEILS CREEK,30 - County,1997,05/23/2017,N,6.91
uben,Avoca (Town),1.2 MI SW OF WALLACE,COUNTY ROAD 6 NEILS CREEK,30 - County,2000,09/12/2016,N,6.81
uben,Avoca (Town),2.5 MILE WEST OF WALLACE,COUNTY ROAD 6 NEILS CREEK,30 - County,1985,06/19/2017,N,6.50
uben,Avoca (Town),3.1 MI E OF HOWARD,COUNTY ROAD 69 GOFF CREEK,30 - County,1971,07/17/2017,FO,6.04
uben,Avoca (Town),1.8 MI E OF WALLACE,COUNTY ROAD 7 TENMILE CREEK,30 - County,1968,07/19/2017,N,5.82
uben,Avoca (Town),1.5 MI S OF AVOCA,COUNTY ROAD 70A GOFF CREEK,30 - County,1995,07/19/2017,N,7.00
uben,Avoca (Town),VILLAGE OF AVOCA,GRANT STREET SALMON CREEK,41 - Village,1992,06/02/2016,N,6.47
uben,Avoca (Town),0.7 MI NE OF WALLACE,OLMSTEAD ROAD WALLACE CREEK,40 - Town,1936,06/09/2016,N,5.88
uben,Avoca (Village),.3 MILE NW OF AVOCA,415 415 64011400 COHOCTON RIVER,NYSDOT,2008,10/31/2016,N,6.54
uben,Bath (Town),0.3 MI NW JCT RTS 17 + 53,86I 17 64044217 FIVE MILE CREEK,NYSDOT,1973,07/29/2015,N,5.54
uben,Bath (Town),0.3 MI NW JCT RTS 17 + 53,86I 17 64044217 FIVE MILE CREEK,NYSDOT,1973,07/29/2015,N,5.41
uben,Bath (Town),JCT RTS 17 + 53,86I 17 64044220 53 53 6401 1006,NYSDOT,1973,05/31/2017,N,5.25
uben,Bath (Town),JCT RTS 17 + 53,86I 17 64044220 53 53 6401 1006,NYSDOT,1973,05/31/2017,N,5.14
uben,Bath (Town),1.7 MI NW OF BATH - I86,86I 17 64044235 TRIB COHOCTON RVR,NYSDOT,1972,09/28/2015,N,5.00
"",,,"NY State Highway Bridge Data:  October 31, 2017",,,,,
"",,,Steuben County,,,,,
"",,,,,Year,Date,,NYS
"",,,,,Built or,of Last,SD/FO,Condition
nty,Municipality,Location,Feature Carried Feature Crossed,Owner,Replaced,Inspection,Status,Rating
uben,Bath (Town),1.5 MI NW OF BATH RTE 17,86I 17 64044237 415X 15 64011341,NYSDOT,1973,04/20/2017,N,5.47
uben,Bath (Town),1.5 MI NW OF BATH RTE 17,86I 17 64044237 415X 15 64011341,NYSDOT,1973,04/20/2017,N,5.28
uben,Bath (Town),1.2 MI NW OF BATH RTE 17,86I 17 64044240 HARRISBURG CREEK,NYSDOT,1973,08/04/2015,SD,4.92
uben,Bath (Town),1.2 MI NW OF BATH RTE 17,86I 17 64044240 HARRISBURG CREEK,NYSDOT,1973,08/04/2015,N,5.05
uben,Bath (Town),3.1 MI SE OF BATH RTE 17,86I 17 64044283 BABCOCK HOLLOW RD,NYSDOT,1969,05/09/2017,N,4.89
uben,Bath (Town),3.1 MI SE OF BATH RTE 17,86I 17 64044283 BABCOCK HOLLOW RD,NYSDOT,1969,05/09/2017,SD,4.95
uben,Bath (Town),2.0 MI SE OF BATH,86I 17 64044296 SMITH RUN,NYSDOT,1969,04/05/2017,N,6.04
uben,Bath (Town),2.0 MI SE OF BATH,86I 17 64044296 SMITH RUN,NYSDOT,1969,04/05/2017,N,6.16
uben,Bath (Town),1.3 MI NW JCT RTS 17 +226,86I 17 64044307 TOWN ROAD 64,NYSDOT,1969,04/13/2017,N,5.16
uben,Bath (Town),1.3 MI NW JCT RTS 17 +226,86I 17 64044307 TOWN ROAD 64,NYSDOT,1969,04/13/2017,N,4.72
uben,Bath (Town),.6 MI NW JCT I86 & SR 226,86I 17 64044313 TRIB COHOCTON RVR,NYSDOT,1969,03/30/2017,N,4.00
uben,Bath (Town),0.1 MI NE JCT I-86 +SR226,226 226 64011102 MUD CREEK,NYSDOT,1970,05/18/2016,FO,5.92
uben,Bath (Town),SR 415- 1.2 MI NW OF BATH,415  15 64011338 HARRIS HOLLOW CRK,NYSDOT,1936,03/23/2016,SD,4.42
uben,Bath (Town),JCT SR 415 & COHOCTON RIV,415  15 64011354 COHOCTON RIVER,NYSDOT,1931,11/08/2016,SD,4.38
uben,Bath (Town),RTE 415 1.5 MI NW OF BATH,415 15 64011340 HICKORY CREEK,NYSDOT,1972,09/02/2015,N,5.47
uben,Bath (Town),IN SAVONA,415 415 64011254 MUD CREEK,NYSDOT,1999,09/24/2015,N,6.18
uben,Bath (Town),2.8MI NW OF SAVONA,415 415 64011280 SMITH CREEK,NYSDOT,1935,03/21/2016,N,4.79
uben,Bath (Town),3.1 MI NE OF TOWLESVILLE,COCHRANE ROAD CAMPBELL CREEK,40 - Town,1993,05/16/2017,N,6.85
uben,Bath (Town),2.4 MI SE OF BATH,COUNTY ROAD 11 COHOCTON RIVER,30 - County,1960,09/08/2016,N,6.68
uben,Bath (Town),2.7 MI SE OF BATH,COUNTY ROAD 11 CULVER CREEK,30 - County,1990,05/01/2017,N,4.52
uben,Bath (Town),3.5 MI SE OF BATH,COUNTY ROAD 11 GULF CREEK,30 - County,1996,05/01/2017,N,6.47
uben,Bath (Town),3.0 MI SE OF TOWLESVILLE,COUNTY ROAD 14 BUCKS CREEK,30 - County,2013,09/06/2017,N,6.71
uben,Bath (Town),3.4 MI SW OF KANONA,COUNTY ROAD 14 CAMPBELL CREEK,30 - County,1990,05/23/2017,N,6.33
uben,Bath (Town),3 MI SE OF TOWLESVILLE,COUNTY ROAD 14 MAXWELL CREEK,30 - County,1998,09/12/2016,N,6.29
uben,Bath (Town),2.7 MI SW OF KANONA,COUNTY ROAD 14 SINCLAIR CREEK,30 - County,2011,11/10/2015,N,7.00
uben,Bath (Town),2.3 MI NW OF BATH,COUNTY ROAD 15 COHOCTON RIVER,30 - County,1973,09/06/2017,N,4.46
uben,Bath (Town),2.6 MI NW OF BATH,COUNTY ROAD 15 KNIGHT CREEK,30 - County,1991,09/06/2017,N,3.00
uben,Bath (Town),3.4 MILES EAST OF BATH,COUNTY ROAD 16 SMITH RUN CREEK,30 - County,1988,04/18/2017,N,5.37
uben,Bath (Town),3.6 MI E OF BATH,CR 16 SMITH RUN CREEK,30 - County,1994,08/18/2016,N,6.91
uben,Bath (Town),4.7 MI E OF BATH,CR 16 TELEGRAPH CREEK,30 - County,1992,04/03/2017,N,6.67
uben,Bath (Town),1.3 MILES S OF KANONA,DANIELS ROAD KNIGHT CREEK,40 - Town,1995,06/26/2017,SD,4.73
uben,Bath (Town),2.7 MI SE OF BATH,EAGLE VALLEY ROAD STOCKING CREEK,40 - Town,1998,05/04/2017,FO,6.52
uben,Bath (Town),5.7 MI. SW OF BATH,FORT HILL RD CAMPBELL CREEK,40 - Town,1992,08/31/2016,N,7.00
"",,,"NY State Highway Bridge Data:  October 31, 2017",,,,,
"",,,Steuben County,,,,,
"",,,,,Year,Date,,NYS
"",,,,,Built or,of Last,SD/FO,Condition
nty,Municipality,Location,Feature Carried Feature Crossed,Owner,Replaced,Inspection,Status,Rating
uben,Bath (Town),1.7 MI SE OF KANONA,HARRISBURG HOLLOW ROAD HARRISBURG HOLLOW CRK,40 - Town,1936,07/17/2017,N,5.24
uben,Bath (Town),0.6 MI W OF SONORA,KETTLE RD MUD CREEK,40 - Town,1950,08/18/2016,N,5.42
uben,Bath (Town),2.7 MI SE OF BATH,NASH ROAD CULVER CREEK,40 - Town,1940,04/03/2017,N,5.17
uben,Bath (Town),3.0 MI SE OF BATH,NASH ROAD CULVER CREEK,40 - Town,2008,11/09/2016,N,6.91
uben,Bath (Town),2.6 MI E OF SAVONA,PARKER ROAD TRIB WOLF RUN,40 - Town,2000,04/25/2017,N,6.71
uben,Bath (Town),0.2 MI N OF SONORA,SONORA ROAD MUD CREEK,40 - Town,1964,03/30/2017,N,6.00
uben,Bath (Town),1.7 MI SE OF KANONA,SPAULDING ROAD HARRISBURG HOL CK,40 - Town,1997,05/16/2017,N,6.00
uben,Bath (Town),04 MI SE JCT CR 14 STE RD,STEWART ROAD BUCKS CREEK,40 - Town,1982,06/14/2017,N,4.00
uben,Bath (Town),3.9 MILES SE OF BATH,TUCKER ROAD STOCKING CREEK,40 - Town,2005,06/14/2017,FO,6.91
uben,Bath (Town),2.7 MI E OF TOWLESVILLE,TURNPIKE ROAD CAMPBELL CREEK,40 - Town,2002,09/08/2016,N,6.71
uben,Bath (Town),2.8 MI SE OF TOWLESVILLE,UNIONVILLE ROAD BUCKS CREEK,40 - Town,2009,07/20/2017,N,7.00
uben,Bath (Town),0.1 MI W OF BATH VILLAGE,VETERANS AVENUE COHOCTON RIVER,50 - Federal (Other than,1938,09/15/2014,SD,3.80
"",,,,those listed below),,,,
uben,Bath (Village),NEAR EXIT 38 0F I86,86I 17 64044247 B & H RR,NYSDOT,1971,05/15/2017,SD,5.47
uben,Bath (Village),NW END VILLAGE OF BATH,86I 17 64044252 54 54 64011203,NYSDOT,1971,05/23/2017,N,4.74
uben,Bath (Village),NW END VILLAGE OF BATH,86I 17 64044252 54 64011204,NYSDOT,1971,05/23/2017,N,4.56
uben,Bath (Village),0.6 MI SE OF BATH RTE 17,86I 17 64044258 CAMERON STREET,NYSDOT,1971,04/14/2017,N,5.16
uben,Bath (Village),0.6 MI SE OF BATH RTE 17,86I 17 64044258 CAMERON STREET,NYSDOT,1971,04/14/2017,N,5.39
uben,Bath (Village),JCT I86 & B&HRR - SE BATH,86I 17 64044267 B & H RR,NYSDOT,1971,04/20/2017,SD,4.51
uben,Bath (Village),JCT I86 & B&HRR - SE BATH,86I 17 64044267 B & H RR,NYSDOT,1971,04/21/2017,SD,4.50
uben,Bath (Village),NEAR EXIT 38 OF I86,86I  17 64044247 B & H RR,NYSDOT,1971,05/16/2017,SD,5.93
uben,Bath (Village),AT BATH,CAMERON STREET COHOCTON RIVER,41 - Village,1970,07/27/2017,N,5.60
uben,Bradford (Town),4.4 MI NE OF SAVONA,226 226 64011045 SONORA BROOK,NYSDOT,1959,06/15/2017,N,4.66
uben,Bradford (Town),5.2 MI NE OF SAVONA,226 226 64011052 UNKNOWN CREEK,NYSDOT,1935,06/15/2017,SD,4.79
uben,Bradford (Town),2.4 MI W OF BRADFORD,AULLS ROAD MUD CREEK,40 - Town,2015,08/29/2017,N,7.00
uben,Bradford (Town),2.4 MILES W OF BRADFORD,COUNTY ROAD 16 BIRDSEYE HOLLOW,30 - County,1951,04/26/2017,N,5.77
uben,Bradford (Town),ON CR#20 IN BRADFORD,COUNTY ROAD 16 WHITEHEAD CREEK,30 - County,1988,04/25/2017,N,6.19
uben,Bradford (Town),0.6 MI SE OF SONORA,COUNTY ROAD 18 TRIB MUD CREEK,30 - County,1986,08/29/2016,N,6.91
uben,Bradford (Town),IN BRADFORD,COUNTY ROAD 20 MUD CREEK,30 - County,1994,05/01/2017,N,6.38
uben,Bradford (Town),1.7 MI SW OF BRADFORD,MYERS ROAD MUD CREEK,40 - Town,2010,11/07/2016,N,7.00
uben,Bradford (Town),0.6 MILES SW OF BRADFORD,RABBIT ROAD MUD CREEK,40 - Town,2001,04/24/2017,N,7.00
uben,Cameron (Town),1.8 MI NW OF CAMERON,COUNTY ROAD 119 CANISTEO RIVER,30 - County,1993,07/24/2017,N,6.56
uben,Cameron (Town),.7 MILE NW OF CAMERON,COUNTY ROAD 119 CANISTEO RIVER,30 - County,1989,07/24/2017,N,4.50
uben,Cameron (Town),1.9 MI NW OF HEDGESVILLE,COUNTY ROAD 21 N B TUSCARORA CRK,30 - County,1962,08/22/2017,N,6.00
"",,,"NY State Highway Bridge Data:  October 31, 2017",,,,,
"",,,Steuben County,,,,,
"",,,,,Year,Date,,NYS
"",,,,,Built or,of Last,SD/FO,Condition
nty,Municipality,Location,Feature Carried Feature Crossed,Owner,Replaced,Inspection,Status,Rating
uben,Cameron (Town),0.7 MI SE OF CAMERON,COUNTY ROAD 22 CANISTEO RIVER,30 - County,1960,07/26/2017,SD,4.53
uben,Cameron (Town),1.3 MI NE CAMERON MILLS,COUNTY ROAD 24 HELMER CREEK,30 - County,1990,10/02/2017,N,6.71
uben,Cameron (Town),1.5 MI NE OF CAMERON MLLS,COUNTY ROAD 25 HELMER CREEK,30 - County,1993,07/20/2017,N,6.67
uben,Cameron (Town),0.7 MI NW OF CAMERON,MCMASTER ROAD BROOKLYN CREEK,40 - Town,1972,05/18/2017,N,5.57
uben,Campbell (Town),0.2 MI E OF COOPERSPLAINS,86I 15 64011156 MEADS CREEK,NYSDOT,2011,08/25/2017,N,7.00
uben,Campbell (Town),0.2 MI E OF COOPERSPLAINS,86I 15 64011156 MEADS CREEK,NYSDOT,2011,08/25/2015,N,6.57
uben,Campbell (Town),JCT RTE 17 COHOCTON R,86I 15 64011166 COHOCTON RIVER,NYSDOT,1967,09/03/2015,FO,5.03
uben,Campbell (Town),JCT RTE 17 COHOCTON R,86I 15 64011166 COHOCTON RIVER,NYSDOT,1967,09/02/2015,FO,4.58
uben,Campbell (Town),1.5 MI S JCT RTS 17 + 333,86I 15 64011181 CURTIS HOLLOW RD,NYSDOT,1967,06/01/2017,SD,5.15
uben,Campbell (Town),1.5 MI S JCT RTS 17 + 333,86I 15 64011181 CURTIS HOLLOW RD,NYSDOT,1967,06/01/2017,SD,5.12
uben,Campbell (Town),1.2 MI S JCT I86 & SR 333,86I 15 64011185 CURTIS HOLLOW CRK,NYSDOT,1967,07/13/2017,N,5.00
uben,Campbell (Town),1.2 MI S JCT I86 & SR 333,86I 15 64011185 CURTIS HOLLOW CRK,NYSDOT,1967,07/13/2017,N,4.79
uben,Campbell (Town),0.3 MI S JCT RTS 17 + 333,86I 15 64011192 COHOCTON RIVER,NYSDOT,1967,06/22/2017,FO,4.74
uben,Campbell (Town),0.3 MI S JCT RTS 17 + 333,86I 15 64011192 COHOCTON RIVER,NYSDOT,1967,06/22/2017,FO,4.94
uben,Campbell (Town),3.4 MI NW JCT RTS 17 +333,86I 17 64044333 COUNTY ROAD 125,NYSDOT,1969,05/05/2017,N,5.02
uben,Campbell (Town),3.4 MI NW JCT RTS 17 +333,86I 17 64044333 COUNTY ROAD 125,NYSDOT,1969,05/05/2017,N,5.16
uben,Campbell (Town),0.2 MI NW JCT RTS 17 +333,86I 17 64044365 MCNUTT RUN,NYSDOT,1969,03/23/2017,N,5.67
uben,Campbell (Town),JCT RTS 17 + 333,86I 17 64044367 333 333 64011076,NYSDOT,1967,05/01/2017,FO,5.07
uben,Campbell (Town),JCT RTS 17 + 333,86I 17 64044367 333 333 64011076,NYSDOT,1967,05/01/2017,FO,4.77
uben,Campbell (Town),0.5 MI W OF COOPERSPLAINS,415 415 64011079 86I  15 64011164,NYSDOT,1967,11/30/2016,SD,5.58
uben,Campbell (Town),0.7 MI EAST OF CAMPBELL,415 415 64011212 McNUTT RUN CREEK,NYSDOT,2006,10/31/2016,N,6.57
uben,Campbell (Town),1.5 MI N OF CAMPBELL,415 415 64011220 WOLF RUN CREEK,NYSDOT,2009,09/24/2015,N,6.85
uben,Campbell (Town),0.2 MI NW JCT RTS 17 +333,86I  17 64044365 MCNUTT RUN,NYSDOT,1969,03/23/2017,FO,5.80
uben,Campbell (Town),IN COOPERSPLAINS,960M415 64011000 86I 15 64011158,NYSDOT,2011,09/16/2015,N,6.76
uben,Campbell (Town),1.4 MI SW OF CAMPBELL,COUNTY ROAD 1 MICHIGAN CREEK,30 - County,1973,09/14/2017,N,6.89
uben,Campbell (Town),.7 MI-N OF COOPERS PLAINS,COUNTY ROAD 26 MEADS CREEK,30 - County,1987,07/20/2017,N,5.98
uben,Campbell (Town),2.1 MI N OF E CAMPBELL,COUNTY ROAD 26 MEADS CREEK,30 - County,1990,03/28/2017,N,6.36
uben,Campbell (Town),0.5 MI S OF E CAMPBELL,COUNTY ROAD 26 DRY RUN CREEK,30 - County,1993,09/06/2017,N,6.57
uben,Campbell (Town),RTE 333 IN CAMPBELL,COUNTY ROAD 333 OVERFLOW CHANNEL,30 - County,1983,03/21/2017,N,6.02
uben,Campbell (Town),JCT RTE. 333 & COHOCTON R,COUNTY ROAD 333 COHOCTON RIVER,30 - County,1983,04/24/2017,N,5.42
uben,Campbell (Town),.5 MILE WEST OF CAMPBELL,COUNTY ROAD 333 MICHIGAN CREEK,30 - County,1939,07/18/2016,FO,3.44
uben,Campbell (Town),0.2 MI W. JCT. RTS 17&333,COUNTY ROAD 333 WOLF/MCNUTT RUN,30 - County,1983,03/22/2017,N,6.07
uben,Campbell (Town),1MILE W INT CO RD 415,COUNTY ROAD 4 CURTIS CREEK,30 - County,1990,03/27/2017,N,5.29
"",,,"NY State Highway Bridge Data:  October 31, 2017",,,,,
"",,,Steuben County,,,,,
"",,,,,Year,Date,,NYS
"",,,,,Built or,of Last,SD/FO,Condition
nty,Municipality,Location,Feature Carried Feature Crossed,Owner,Replaced,Inspection,Status,Rating
uben,Campbell (Town),2.1 MI NW OF COOPER PLNS,COUNTY ROAD 4 COHOCTON RIVER,30 - County,1988,09/21/2016,FO,6.64
uben,Campbell (Town),3.0 MI W OF COOPERS PLNS,COUNTY ROAD 4 CURTIS CREEK,30 - County,1931,05/18/2017,SD,6.70
uben,Campbell (Town),2.5 MI SW OF CURTIS,COUNTY ROAD 4 CURTIS CREEK,30 - County,2000,10/10/2016,N,6.50
uben,Campbell (Town),2.3 MI SW OF CURTIS,COUNTY ROAD 4 CURTIS CREEK,30 - County,2000,10/10/2016,N,6.61
uben,Campbell (Town),1.5 MI NE OF E CAMPBELL,DRY RUN ROAD DRY RUN CREEK,40 - Town,1997,08/30/2017,N,6.44
uben,Campbell (Town),1.2 MI NE OF E CAMPBELL,DRY RUN ROAD DRY RUN CREEK,40 - Town,1994,07/07/2016,N,5.27
uben,Campbell (Town),0.3 MI E OF E CAMPBELL,DRY RUN ROAD DRY RUN CREEK,40 - Town,1976,06/20/2017,SD,3.81
uben,Campbell (Town),1.4 MI NE OF CAMPBELL,KING HILL ROAD MCNUTT RUN,40 - Town,1997,03/23/2017,N,6.33
uben,Campbell (Town),.4 MI W OF EAST CAMPBELL,TAFT ROAD MEADS CREEK,40 - Town,1990,03/28/2017,N,6.41
uben,Campbell (Town),1.9 MILES SE OF CAMPBELL,TANNERY ROAD CURTIS CREEK,40 - Town,1999,10/03/2017,N,6.71
uben,Campbell (Town),3.7 MI. N OF E CAMPBELL,WIXON ROAD MEADS CREEK,40 - Town,1981,11/17/2015,N,6.46
uben,Campbell (Town),1.8 MI NW OF CAMPBELL,WOOD ROAD COHOCTON RIVER,40 - Town,1897,06/29/2015,FO,5.85
uben,Campbell (Town),.3 MI E OF EAST CAMPBELL,WOODCOCK ROAD DRY RUN CREEK,40 - Town,2012,08/29/2016,N,6.92
uben,Canisteo (Town),1.8 MI SE OF CANISTEO,36  36 64011028 COLONEL BILLS CRK,NYSDOT,1999,11/02/2015,N,5.68
uben,Canisteo (Town),0.7 MI NW OF S CANISTEO,36  36 64011170 ROCK RUN CREEK,NYSDOT,1939,07/11/2017,N,4.00
uben,Canisteo (Town),2.7 NW OF S CANISTEO,36  36 64011192 GRAVEL RUN CREEK,NYSDOT,1990,07/11/2017,N,6.44
uben,Canisteo (Town),0.7 MI SE OF CANISTEO,36  36 64011218 BENNETT CREEK,NYSDOT,1999,11/02/2015,N,5.71
uben,Canisteo (Town),6.7 MI N OF GREENWOOD,248 248 64021148 BENNETT CREEK,NYSDOT,1974,07/12/2017,N,4.30
uben,Canisteo (Town),3.2 MI S OF CANISTEO,248 248 64021159 SUGAR CREEK,NYSDOT,1939,05/16/2016,SD,5.04
uben,Canisteo (Town),2.6 MI S OF CANISTEO,248 248 64021176 FALL CREEK,NYSDOT,2010,11/10/2016,N,6.42
uben,Canisteo (Town),SOUTH END OF CANISTEO,248 248 64021193 PURDY CREEK,NYSDOT,2004,09/20/2016,N,6.44
uben,Canisteo (Town),IN ADRIAN,CATATUNK ROAD CANISTEO RIVER,40 - Town,1910,07/11/2017,FO,4.53
uben,Canisteo (Town),1.5 MI E OF CANISTEO,COUNTY ROAD 119 CANISTEO RIVER,30 - County,1978,08/28/2017,N,4.62
uben,Canisteo (Town),1.5 MI EAST OF CANISTEO,COUNTY ROAD 119 NORFOLK SOUTHERN,30 - County,1991,07/25/2017,N,5.00
uben,Canisteo (Town),1.9 MI E OF CANISTEO,COUNTY ROAD 119 STEPHENS CREEK,30 - County,1931,10/20/2015,N,5.90
uben,Canisteo (Town),2.8 MI E OF CANISTEO,COUNTY ROAD 119 TAYLOR HOLLOW CRK,30 - County,1936,09/25/2017,N,6.00
uben,Canisteo (Town),1.0 MI SE OF CANISTEO,COUNTY ROAD 128 OBES GLEN CREEK,30 - County,1990,11/02/2015,N,5.68
uben,Canisteo (Town),3.2 MI E OF CANISTEO,COUNTY ROAD 14 BAKER CREEK,30 - County,2012,08/23/2016,N,6.67
uben,Canisteo (Town),0.1 MI E OF CANISTEO,COUNTY ROAD 21 SPAULDING HOLLOW,30 - County,1971,11/11/2015,N,5.84
uben,Canisteo (Town),1.6 M N OF CANISTEO,COUNTY ROAD 29 CUNNINGHAM CREEK,30 - County,1999,09/25/2017,N,6.71
uben,Canisteo (Town),1.1 MI N OF CANISTEO,COUNTY ROAD 29 HAMMER CREEK,30 - County,1993,09/25/2017,N,6.48
uben,Canisteo (Town),0.4 M S OF S CANISTEO,COUNTY ROAD 31 MILWAUKEE CREEK,30 - County,1999,10/02/2017,N,6.71
uben,Canisteo (Town),1.3 MI NORTH OF CANISTEO,HAMMER CREEK ROAD HAMMER CREEK,40 - Town,1985,11/02/2015,N,6.69
"",,,"NY State Highway Bridge Data:  October 31, 2017",,,,,
"",,,Steuben County,,,,,
"",,,,,Year,Date,,NYS
"",,,,,Built or,of Last,SD/FO,Condition
nty,Municipality,Location,Feature Carried Feature Crossed,Owner,Replaced,Inspection,Status,Rating
uben,Canisteo (Town),4.2 MI NW OF CAMERON,MCCHESNEY ROAD CANISTEO RIVER,40 - Town,1989,09/14/2015,N,5.21
uben,Canisteo (Town),2.0 MI SW OF ADRIAN,PIERCE ROAD ROCK RUN CREEK,40 - Town,1982,10/02/2017,N,4.93
uben,Canisteo (Town),0.9 MI NW OF S CANISTEO,RED SPRING RUN RD COLONEL BILLS CRK,40 - Town,1973,08/29/2017,SD,4.68
uben,Canisteo (Town),5.5 MI S OF CANISTEO,SLATE CREEK ROAD BENNETTS CREEK,40 - Town,2013,11/11/2015,N,7.00
uben,Canisteo (Village),IN CANISTEO,DEPOT STREET CANISTEO RIVER,41 - Village,1954,08/31/2016,N,5.26
uben,Caton (Town),IN CATON,225 225 64011001 CATON CREEK,NYSDOT,2014,09/27/2016,N,7.00
uben,Caton (Town),2.7 MILES SOUTH OF CATON,COUNTY ROAD 32 TRB MUDLICK CREEK,30 - County,1931,11/17/2015,N,6.49
uben,Caton (Town),2.7 MILES NORTH OF CATON,COUNTY ROAD 40A CATON CREEK,30 - County,1969,09/25/2017,N,6.00
uben,Cohocton (Town),3.0 MI E OF WAYLAND,21  21 64023236 COHOCTON RIVER,NYSDOT,1940,07/13/2017,SD,4.89
uben,Cohocton (Town),4 MILES EAST OF WAYLAND,21  21 64023250 TRIB COHOCTON RVR,NYSDOT,1940,08/05/2015,N,4.46
uben,Cohocton (Town),2.7 MI NE OF COHOCTON,371  371 64011027 KIRKWOOD CREEK,NYSDOT,1946,08/08/2017,N,5.29
uben,Cohocton (Town),0.8MI N JCT RTS 415 & 371,371 371 64011013 COHOCTON RIVER,NYSDOT,1994,03/28/2017,N,6.27
uben,Cohocton (Town),.2 MILE WEST OF COHOCTON,390I390I64011109 COUNTY ROAD 121,NYSDOT,1976,11/29/2016,N,5.74
uben,Cohocton (Town),.2 MILE WEST OF COHOCTON,390I390I64011109 COUNTY ROAD 121,NYSDOT,1976,05/24/2016,N,4.69
uben,Cohocton (Town),1.5 MI SE JCT SR21 & I390,390I390I64011130 WARREN HILL ROAD,NYSDOT,1975,08/02/2016,N,5.81
uben,Cohocton (Town),1.5 MI SE JCT SR21 & I390,390I390I64011130 WARREN HILL ROAD,NYSDOT,1975,08/02/2016,N,5.88
uben,Cohocton (Town),1.0 MI S OF COHOCTON,415  15 64011464 RYAN HOLLOW CREEK,NYSDOT,1966,06/09/2016,N,4.69
uben,Cohocton (Town),IN ATLANA,COUNTY ROAD 36 COHOCTON RIVER,30 - County,1990,10/04/2017,N,5.85
uben,Cohocton (Town),2.9 M E OF WAYLAND,COUNTY ROAD 37 COHOCTON RIVER,30 - County,2001,10/14/2015,N,6.11
uben,Cohocton (Town),.8 MILE SW OF N COHOCTON,COUNTY ROAD 39A COHOCTON RIVER,30 - County,1964,10/14/2015,N,6.05
uben,Cohocton (Town),1.3 MI SE OF COHOCTON,JONES ROAD COHOCTON RIVER,40 - Town,1935,10/04/2017,N,5.65
uben,Cohocton (Town),2.2 MI W OF N COHOCTON,PARKS ROAD COHOCTON RIVER,40 - Town,1992,09/08/2016,N,4.69
uben,Cohocton (Town),IN ATLANTA,RIVER STREET COHOCTON RIVER,40 - Town,1998,09/12/2016,N,7.00
uben,Cohocton (Town),2.5 MI S OF COHOCTON,WENTWORTH RD 390I390I64011078,NYSDOT,1976,08/23/2016,N,4.90
uben,Cohocton (Town),2.5 MI S OF COHOCTON,WENTWORTH RD 390I390I64011079,NYSDOT,1976,08/23/2016,N,5.48
uben,Cohocton (Town),1.7 MI NW OF WALLACE,WENTWORTH ROAD COHOCTON RIVER,40 - Town,1990,04/25/2017,SD,6.31
uben,Cohocton (Village),0.4 MI N JCT RT 415 & 371,371 371 64011004 COHOCTON RIVER,NYSDOT,1994,03/28/2017,N,5.98
uben,Cohocton (Village),IN COHOCTON,415  15 64011479 COHOCTON RIVER,NYSDOT,1949,06/09/2016,N,5.10
uben,Cohocton (Village),IN VILLAGE OF COHOCTON,MILL STREET COHOCTON RIVER,41 - Village,1996,07/18/2016,N,5.38
uben,Corning (City),EB STE OVER REYNOLDS AVE,86I 17 64042104 REYNOLDS AVENUE,NYSDOT,1995,09/22/2015,N,6.07
uben,Corning (City),WB STE OVER REYNOLDS AVE,86I 17 64042104 REYNOLDS AVENUE,NYSDOT,1995,09/22/2015,N,6.15
uben,Corning (City),CITY OF CORNING,86I 17 64043096 POST CREEK,NYSDOT,1985,07/14/2016,N,6.17
uben,Corning (City),1 MI S JCT I86 & WNFLD ST,86I 17_64041413 NORFOLK SOUTHERN,NYSDOT,1994,08/04/2016,N,6.70
"",,,"NY State Highway Bridge Data:  October 31, 2017",,,,,
"",,,Steuben County,,,,,
"",,,,,Year,Date,,NYS
"",,,,,Built or,of Last,SD/FO,Condition
nty,Municipality,Location,Feature Carried Feature Crossed,Owner,Replaced,Inspection,Status,Rating
uben,Corning (City),3.2 MI E JCT SR 415 & I86,86I 86I 64041414 NORFOLK SOUTHERN,NYSDOT,1994,09/18/2017,N,5.89
uben,Corning (City),0.3 MI E OF CORNING,352  17 64042022 PARK ROAD UNDER,NYSDOT,1949,05/11/2017,FO,5.26
uben,Corning (City),.4 MILE EAST OF CORNING,352  17 64042023 86I 17 64043000,NYSDOT,1949,09/21/2017,N,5.43
uben,Corning (City),IN CORNING,414 414 6401 1102 CHEMUNG RIVER,NYSDOT,1979,08/30/2016,N,5.40
uben,Corning (City),.1 MI N JCT SR17 & SR414,414 414 64011109 NORFOLK SOUTHERN,NYSDOT,1993,05/09/2017,N,5.94
uben,Corning (City),0.2MI N JCT RTS 414 & 415,86I 17 64046006 414 41464011108,NYSDOT,1994,07/22/2016,N,6.21
uben,Corning (City),1.2MI N JCT RTS 414 & 415,86i 17 64046007 414 414 64011108,NYSDOT,1994,07/22/2016,N,6.04
uben,Corning (City),IN CORNING,BRIDGE STREET CHEMUNG RIVER,42 - City,1937,08/08/2016,N,6.04
uben,Corning (City),DENMARK HILL ACCESS ROAD,HIGH STREET NORFOLK SOUTHERN,42 - City,1991,05/08/2017,N,5.19
uben,Corning (City),.3 MI SE JCT SH352 &SH225,RELIHAN BOULEVARD DENISON LAKE,42 - City,2004,10/11/2016,N,6.33
uben,Corning (Town),1MI W RT414 & WINFIELD ST,86I 17 6404 6000 RELOC WINFIELD ST,NYSDOT,1994,07/12/2016,N,5.85
uben,Corning (Town),.1 MILE EAST OF CORNING,86I 17 64043107 NARROWS CREEK,NYSDOT,1982,05/09/2016,N,6.23
uben,Corning (Town),5 MI SOUTHEAST OF CORNING,86I 17 64043136 NORFOLK SOUTHERN,NYSDOT,1986,10/18/2016,FO,5.38
uben,Corning (Town),3.0 MI S OF CORNING,225 225 64011030 CATON CREEK,NYSDOT,2014,09/27/2016,N,7.00
uben,Corning (Town),SR 352 OVER I86,352 352 64011003 86I 17 64043142,NYSDOT,1985,05/31/2016,N,4.89
uben,Corning (Town),.1 MI SE JCT SR17 & SR352,352 352 64011004 NORFOLK SOUTHERN,NYSDOT,1985,08/04/2016,N,5.63
uben,Corning (Town),Jct I86-NY Route 352,352 Eastbound Ramp I99NB to I86EB,NYSDOT,2007,06/17/2016,FO,6.75
uben,Corning (Town),1M W RT414 & WINFIELD ST,86I 17 6404 6000 RELOC WINFIELD ST,NYSDOT,1994,07/12/2016,N,5.93
uben,Corning (Town),2.1 MI SE OF CORNING,961Q 86I 17 64043119,NYSDOT,1985,10/27/2016,N,5.08
uben,Corning (Town),4 MI SE OF CORNING,961Q NORFOLK SOUTHERN,NYSDOT,1985,10/18/2016,N,6.65
uben,Corning (Town),0.6 MI SW OF S.CORNING,BAILEY CREEK ROAD BAILEY CREEK,40 - Town,1986,05/17/2017,FO,6.13
uben,Corning (Town),3.1 MILES NORTH OF CATON,COUNTY ROAD 34 WHISKEY CREEK,30 - County,1938,04/27/2017,SD,5.85
uben,Corning (Town),2.1 MI NE OF PAINTED POST,COUNTY ROAD 41 BORDEN CREEK,30 - County,1964,08/30/2017,N,5.00
uben,Corning (Town),1.7 MI NE OF PAINTED POST,COUNTY ROAD 41 CUTLER CREEK,30 - County,1964,08/14/2017,N,4.00
uben,Corning (Town),1.3 MI E OF PAINTED POST,COUNTY ROAD 41 CUTLER CREEK,30 - County,1977,05/17/2016,N,4.65
uben,Corning (Town),.7 MI E OF S CORNING,COUNTY ROAD 44 WHISKEY CREEK,30 - County,1991,04/25/2017,N,6.75
uben,Corning (Town),3.0 MI E OF S CORNING,COUNTY ROAD 44 GILLETTE CREEK,30 - County,1931,04/25/2017,N,6.14
uben,Corning (Town),IN GIBSON,COUNTY ROAD 45 NARROWS CREEK,30 - County,1991,08/30/2017,FO,6.78
uben,Corning (Town),07 MI N E CORNING,HICKORY LANE WINFIELD CREEK,40 - Town,1977,08/30/2017,N,5.19
uben,Corning (Town),1.9 MI S OF S CORNING,RIFF ROAD WHISKEY CREEK,40 - Town,2004,11/29/2016,N,6.67
uben,Dansville (Town),AT STONY BROOK STATE PARK,36  36 64013143 STONEY BROOK,NYSDOT,1984,03/30/2016,N,5.67
uben,Dansville (Town),2.2 MI W OF PERKINSVILLE,COUNTY ROAD 46 390IXGNE,NYSDOT,1966,10/06/2015,N,4.84
uben,Dansville (Town),1.1 MI NW OF S DANSVILLE,COUNTY ROAD 46 KURTZ HOLLOW CRK,30 - County,1965,09/05/2017,SD,5.47
"",,,"NY State Highway Bridge Data:  October 31, 2017",,,,,
"",,,Steuben County,,,,,
"",,,,,Year,Date,,NYS
"",,,,,Built or,of Last,SD/FO,Condition
nty,Municipality,Location,Feature Carried Feature Crossed,Owner,Replaced,Inspection,Status,Rating
uben,Dansville (Town),3.6 MI SW OF PERKINSVILLE,COUNTY ROAD 47 STONY BROOK,30 - County,1961,06/27/2017,N,5.09
uben,Dansville (Town),0.4 MI SE OF DANSVILLE,CR 46 MILL CREEK,30 - County,1992,07/14/2016,N,6.07
uben,Dansville (Town),5.8 mi SE Vil.of Dansvill,KURTZ HOLLOW ROAD KURTZ HOLLOW CREE,40 - Town,2014,10/25/2016,N,7.00
uben,Dansville (Town),4.5 MI SW OF PERKINSVILLE,POAGS HOLE RD CANASERAGA CREEK,40 - Town,1996,05/31/2016,FO,5.69
uben,Dansville (Town),1 MI W OF SOUTH DANSVILLE,WILLEY RD MILL CREEK,40 - Town,1996,09/09/2016,N,6.00
uben,Erwin (Town),1.2 MI NW JCT RTS 15+17,86I  15 64011134 415  415 64011024,NYSDOT,2010,09/29/2016,N,6.65
uben,Erwin (Town),0.8 MI NW JCT RTS 15 + 17,86I 15 64011130 HODGMAN CREEK,NYSDOT,1959,09/28/2015,N,5.30
uben,Erwin (Town),1 MI NW JCT I86 & U.S.15,86I 15 64011132 B & H RR,NYSDOT,1959,09/22/2016,N,5.99
uben,Erwin (Town),.5 MILE SW OF GANG MILLS,99I 15 6401 1110 417 417 64031027,NYSDOT,2005,10/28/2015,FO,5.92
uben,Erwin (Town),.5 MI SW OF GANG MILLS,99I 15 6401 1110 417 417 64031027,NYSDOT,2004,10/28/2015,FO,5.73
uben,Erwin (Town),JCT RTE 15 + CANISTEO R,99I 15 64011078 CANISTEO RIVER,NYSDOT,1969,07/15/2016,N,5.16
uben,Erwin (Town),3 MILES S OF GANG MILLS,99I 15 64011095 BEARTOWN CREEK,NYSDOT,1976,09/06/2016,N,5.00
uben,Erwin (Town),.3 MILE NE OF GANG MILLS,99I 99I 64011120 R Dann EB Ramp,NYSDOT,2005,09/15/2015,N,5.70
uben,Erwin (Town),1.8 MI NW OF PAINTED POST,415 415 64011014 MEADS CREEK,NYSDOT,2016,11/28/2016,SD,7.00
uben,Erwin (Town),0.4 MI NW OF PAINTED POST,415 415 64011026 ERWIN HOLLOW CRK,NYSDOT,1996,09/29/2016,N,6.33
uben,Erwin (Town),1.6 NE OF JCT RTS 15& 417,417 417 64031015 TRIB TIOGA RIVER,NYSDOT,1977,11/02/2016,FO,3.00
uben,Erwin (Town),2.7 MI. EAST OF ADDISON,417 417 64041351 NORFOLK SOUTHERN,NYSDOT,1987,08/03/2016,N,6.40
uben,Erwin (Town),IN CORNING,417 X NORFOLK SOUTHERN,NYSDOT,1999,05/04/2017,N,6.77
uben,Erwin (Town),JCT US15-I86,86I WB to 99I SB 86I 17 64041441,NYSDOT,2006,10/26/2016,FO,6.28
uben,Erwin (Town),JCT RTS 15 + 417,99I 15 6401 1081 417 417 6403 1000,NYSDOT,1969,10/19/2015,N,5.28
uben,Erwin (Town),JCT RTS 15 + 417,99I 15 6401 1081 417 417 6403 1000,NYSDOT,1969,10/19/2015,N,5.22
uben,Erwin (Town),JCT RTE 15 + CANISTEO R,99I 15 64011078 CANISTEO RIVER,NYSDOT,1969,07/15/2016,N,4.96
uben,Erwin (Town),.3 MI NE JCT SR15 & SR417,99I 15 64011085 NORFOLK SOUTHERN RR,NYSDOT,1969,05/22/2017,N,6.33
uben,Erwin (Town),.3 MI NE JCT SR15 & SR417,99I 15 64011085 NORFOLK SOUTHERN RR,NYSDOT,1969,05/03/2017,N,6.09
uben,Erwin (Town),Steuben County,99I 64011123 South Hamilton Street,NYSDOT,2006,09/29/2016,FO,6.82
uben,Erwin (Town),0.3 MI NE GANGMILLS,99I 99I 64011120 R Dann EB Ramp,NYSDOT,2006,09/15/2015,N,5.87
uben,Erwin (Town),2.7 MI S OF COOPRS PLAINS,BEARTOWN ROAD WEAVER HOLLOW CRK,30 - County,1956,04/27/2017,N,4.04
uben,Erwin (Town),5.3 M SW COOPERSPLAINS,BEEMAN HOLLOW RD BEEMAN HOLLOW CRK,40 - Town,1999,11/16/2015,N,6.70
uben,Erwin (Town),4.0 MI SW OF CORNING,COUNTY ROAD 115 CANISTEO RIVER,30 - County,1933,10/10/2016,SD,5.03
uben,Erwin (Town),COHOCTON R./86I RAMPS,HAMILTON ST. COHOCTON RIVER,40 - Town,2007,05/19/2016,N,6.59
uben,Erwin (Town),INTERSECTION RTES 15 + 17,Hamilton Street 86I 17 64041413,NYSDOT,1989,05/10/2017,N,5.41
uben,Erwin (Town),Steuben County,I99 SW Ramp Town Access Road,NYSDOT,2006,09/28/2016,N,6.79
uben,Erwin (Town),2.8 MI SW PAINTED POST,JASON ROAD BEARTOWN CREEK,2C - NYS Dept of,1978,10/11/2016,FO,5.47
"",,,,Environmental Conservation,,,,
"",,,"NY State Highway Bridge Data:  October 31, 2017",,,,,
"",,,Steuben County,,,,,
"",,,,,Year,Date,,NYS
"",,,,,Built or,of Last,SD/FO,Condition
nty,Municipality,Location,Feature Carried Feature Crossed,Owner,Replaced,Inspection,Status,Rating
uben,Erwin (Town),1.5 MI SE JCT CO RD 417,MULHOLLAND ROAD MULHOLLAND CREEK,40 - Town,1991,04/25/2017,N,6.28
uben,Erwin (Town),1.0 MI NE OF ERWINS,MULHOLLAND ROAD TIOGA RIVER,40 - Town,2004,04/14/2016,N,6.45
uben,Erwin (Town),1 MI W OF PAINTED POST,ROBERT DANN DRIVE COHOCTON RIVER,40 - Town,2002,04/24/2017,N,6.85
uben,Erwin (Town),JCT SR 15 & I86,Ramp 99INB to 86IEB FUTURE TOWN ROAD,NYSDOT,2005,08/19/2015,FO,6.04
uben,Erwin (Town),Exit 44 Jct US 15 & I86,Ramp15NB to 86IWB 86I 17 64041440,NYSDOT,2005,08/17/2015,FO,5.70
uben,Erwin (Town),1 mi NE Mills Gang,Robert Dann EB S.Hamilton St,NYSDOT,2008,06/24/2016,N,6.79
uben,Erwin (Town),1 mi NE Mills Gang,Robert Dann WB S.Hamilton St,NYSDOT,2008,06/24/2016,N,7.00
uben,Erwin (Town),IN COOPERS PLAINS,SMITH ROAD COHOCTON RIVER,40 - Town,1935,09/20/2016,N,5.63
uben,Fremont (Town),JCT RTS 17 + 36,21  21 64023033 86I 17 64044055,NYSDOT,1970,08/01/2016,N,5.54
uben,Fremont (Town),2 MI NE JCT SR 17 & SR 21,21  21 64023056 RESERVOIR SPLLWAY,NYSDOT,1983,07/18/2017,N,6.19
uben,Fremont (Town),2.5 MI N OF HASKINVILLE,21  21 64023123 TRIB NEIL CREEK,NYSDOT,2007,11/18/2015,N,6.29
uben,Fremont (Town),0.7 MI E JCT I86 + SR 21,86I 17 64044059 CARRINGTON CREEK,NYSDOT,1970,07/20/2016,N,5.00
uben,Fremont (Town),.7 miles NE CR 57,21 21 64023058 Carrington Creek,NYSDOT,1961,11/04/2015,N,5.53
uben,Fremont (Town),4.7 MI W OF HOWARD,BARDEEN ROAD BIG CREEK,40 - Town,1967,05/18/2017,N,4.87
uben,Fremont (Town),1.7M NE OF NORTH HORNELL,BIG CREEK ROAD BIG CREEK,40 - Town,1999,05/10/2017,N,6.52
uben,Fremont (Town),0.2 MI S OF FREMONT,COUNTY ROAD 57 CARRINGTON CREEK,30 - County,1930,09/06/2017,N,5.95
uben,Fremont (Town),3 MILES WEST OF HOWARD,COUNTY ROAD 70A BIG CREEK,30 - County,1968,11/09/2015,N,4.90
uben,Fremont (Town),2.9 MI EAST OF N HORNELL,COUNTY ROAD 70A BIG CREEK,30 - County,1993,09/06/2017,N,6.39
uben,Fremont (Town),1.6 MI NE OF N HORNELL,COUNTY ROAD 70A BIG CREEK,30 - County,1973,10/29/2015,N,6.50
uben,Fremont (Town),2.4 MILES NE OF HORNELL,COUNTY ROAD 70A BIG CREEK RD,30 - County,1936,07/06/2017,N,4.44
uben,Fremont (Town),2.5 MILES NE OF HORNELL,COUNTY ROAD 70A BIG CREEK ROAD,30 - County,1936,07/26/2017,SD,4.84
uben,Fremont (Town),2.0 MI E JCT RTS 17 + 21,County Road 57 86I 17 64044070,NYSDOT,1970,07/08/2016,N,4.50
uben,Fremont (Town),0.8 MI E OF HASKINVILLE,MATOON ROAD NEILS CREEK,40 - Town,1997,11/10/2015,N,5.53
uben,Fremont (Town),3.9 MI W OF HOWARD,ROSE RD 86I 17 64044098,NYSDOT,1970,08/24/2016,N,5.47
uben,Fremont (Town),3.6 MI W OF HOWARD,RUSSELL ROAD BIG CREEK,40 - Town,2003,09/28/2017,N,6.89
uben,Greenwood (Town),0.9 MI S OF GREENWOOD,248 248 64021092 BENNETT CREEK,NYSDOT,1985,07/12/2017,N,4.69
uben,Greenwood (Town),0.4 MI S OF GREENWOOD,248 248 64021097 BENNETTS CREEK,NYSDOT,1961,04/12/2016,N,4.81
uben,Greenwood (Town),0.4 MI N OF GREENWOOD,248 248 64021105 BENNETTS CREEK,NYSDOT,1994,07/26/2016,N,6.08
uben,Greenwood (Town),0.9 MI N OF GREENWOOD,248 248 64021111 WOODWARD CREEK,NYSDOT,1961,11/14/2016,N,5.66
uben,Greenwood (Town),1.4 MI N OF GREENWOOD,248 248 64021117 BENNETT CREEK,NYSDOT,2011,11/10/2015,SD,5.82
uben,Greenwood (Town),3.8 MI N OF GREENWOOD,248 248 64021134 BENNETT CREEK,NYSDOT,1958,04/12/2017,N,5.86
uben,Greenwood (Town),5.6 MI N OF GREENWOOD,248 248 64021137 COLBY CREEK,NYSDOT,2010,11/10/2016,N,6.42
uben,Greenwood (Town),0.2 MI W JCT RTS 417 +248,417  17 64041058 BENNETTS CREEK,NYSDOT,1970,04/12/2017,N,5.82
"",,,"NY State Highway Bridge Data:  October 31, 2017",,,,,
"",,,Steuben County,,,,,
"",,,,,Year,Date,,NYS
"",,,,,Built or,of Last,SD/FO,Condition
nty,Municipality,Location,Feature Carried Feature Crossed,Owner,Replaced,Inspection,Status,Rating
uben,Greenwood (Town),.2 MI E JCT RTS 417+248,417  17 64041059 WOODWARD CREEK,NYSDOT,1991,08/05/2015,SD,5.39
uben,Greenwood (Town),0.8 MI E.OF GREENWOOD,COUNTY ROAD 126 FISHER HOLLOW CRK,30 - County,1989,07/07/2017,N,6.26
uben,Greenwood (Town),0.7 MI SE OF GREENWOOD,COUNTY ROAD 126 FISHER HOLLOW CRK,30 - County,1989,10/06/2015,N,5.97
uben,Greenwood (Town),0.7 MI E OF GREENWOOD,COUNTY ROAD 126 WOODWARD HLLW CRK,30 - County,1989,07/05/2017,N,5.94
uben,Greenwood (Town),1.1 MI SW OF GREENWOOD,COUNTY ROAD 60 CHRISTIAN HOL CRK,30 - County,1985,09/20/2017,N,6.81
uben,Greenwood (Town),0.4 MI SW OF GREENWOOD,COUNTY ROAD 60 CHRISTIAN HOL CRK,30 - County,1992,08/23/2016,N,6.49
uben,Greenwood (Town),1.5 MI N OF GREENWOOD,COUNTY ROAD 62 ROCK CREEK,30 - County,2006,10/24/2016,N,6.72
uben,Greenwood (Town),.2 MI W JCT SH 248 & CR62,COUNTY ROAD 62 ROCK CREEK,30 - County,1990,08/01/2017,N,5.81
uben,Greenwood (Town),0.5 MI SW OF GREENWOOD,CR 60 CHRISTIAN HOL  CK,30 - County,1991,08/19/2016,N,5.00
uben,Greenwood (Town),2 MILES NORTH OF REXVILLE,ROUGH & READY RD BENNETTS CREEK,40 - Town,2011,09/26/2017,N,7.00
uben,Greenwood (Town),1.6 MI N OF REXVILLE,ROUGH & READY RD BENNETTS CREEK,40 - Town,2014,09/13/2016,N,6.91
uben,Hammondsport (Village),0.3 MI NE OF HAMMONDSPORT,54A 54A64011008 GLEN CREEK,NYSDOT,1937,05/31/2016,FO,4.10
uben,Hartsville (Town),3.7 MI W OF CANISTEO,BEARLICK HOLLW RD PURDY CREEK,40 - Town,2002,10/25/2016,N,6.10
uben,Hartsville (Town),4.9 MI SW OF CANISTEO,CO RD 28 WEBB HOLLOW CREEK,30 - County,1973,10/19/2015,N,4.79
uben,Hartsville (Town),5.3 MI SW OF CANISTEO,COUNTY ROAD 28 ACKER CREEK,30 - County,1992,06/14/2016,N,6.57
uben,Hartsville (Town),1.2 MI SW OF CANISTEO,COUNTY ROAD 28 PURDY CREEK,30 - County,1986,11/20/2015,N,5.76
uben,Hartsville (Town),5.1 MI SW OF CANISTED,COUNTY ROAD 28 PURDY CREEK,30 - County,1986,10/21/2015,N,6.42
uben,Hartsville (Town),6.8 MI SW OF CONISTEO,COUNTY ROAD 28 PURDY CREEK,30 - County,2008,09/07/2016,N,6.91
uben,Hartsville (Town),6.7 M SW OF CANISTEO,COUNTY ROAD 28 PURDY CREEK,30 - County,1999,10/19/2015,N,6.85
uben,Hartsville (Town),6.6 MILES SW OF CANISTEO,COUNTY ROAD 28 PURDY CREEK,30 - County,1989,10/21/2015,N,6.18
uben,Hartsville (Town),6.0 MI SW OF CANISTEO,COUNTY ROAD 28 PURDY CREEK,30 - County,1974,10/29/2015,N,4.21
uben,Hartsville (Town),6.4 MILES SW OF CANISTEO,COUNTY ROAD 28 TRIB PURDY CREEK,30 - County,1993,11/20/2015,N,6.33
uben,Hartsville (Town),2.4 MILES W OF CANISTEO,COUNTY ROAD 28 TRIB PURDY CREEK,30 - County,1972,11/11/2015,N,4.79
uben,Hartsville (Town),4.1 MI W OF CANISTEO,COUNTY ROAD 28 TRIB PURDY CREEK,30 - County,1989,11/11/2015,N,6.46
uben,Hartsville (Town),4.1 MI SW OF HORNELL,COUNTY ROAD 68 CROSBY CREEK,30 - County,1991,11/20/2015,N,6.77
uben,Hartsville (Town),2.4 MILES W OF CANISTEO,HINKLEY HILL ROAD ASHBAUGH CREEK,40 - Town,1997,03/23/2017,N,5.12
uben,Hartsville (Town),1.75 MI SW OF CANISTEO,JACK WHITE RD PURDY CREEK,40 - Town,2002,10/25/2016,N,6.29
uben,Hartsville (Town),.2 MILE W OF HARTSVILLE,JENKINS-HENRY RD WEBB HOLLOW CREEK,40 - Town,1987,10/15/2015,N,5.67
uben,Hartsville (Town),0.1 MI EAST OF CO ROAD 28,PURDY-FALL CREEK ROAD PURDY CREEK,40 - Town,1997,10/15/2015,N,6.20
uben,Hartsville (Town),43 MI N GREENWOOD,SLATE CREEK ROAD SLATE CREEK,40 - Town,2014,10/13/2016,N,7.00
uben,Hartsville (Town),5.0 MI. NW OF GREENWOOD,SLATE CREEK ROAD TRIB SLATE CREEK,40 - Town,2008,09/07/2016,N,7.00
uben,Hartsville (Town),4 MI. NW GREENWOOD,SLATE CREEK ROAD TRIB SLATE CREEK,40 - Town,2016,10/11/2016,SD,6.81
uben,Hornby (Town),2.7 MILES NE OF CORNING,414 414 64012027 KERICK CREEK,NYSDOT,1959,03/29/2016,N,5.00
"",,,"NY State Highway Bridge Data:  October 31, 2017",,,,,
"",,,Steuben County,,,,,
"",,,,,Year,Date,,NYS
"",,,,,Built or,of Last,SD/FO,Condition
nty,Municipality,Location,Feature Carried Feature Crossed,Owner,Replaced,Inspection,Status,Rating
uben,Hornby (Town),3.5 MILES NE OF CORNING,414 414 64012035 WILSON CREEK,NYSDOT,1959,03/29/2016,N,5.67
uben,Hornby (Town),4.7 MILES NE OF CORNING,414 414 64012047 LILY CREEK,NYSDOT,1959,03/29/2016,N,6.00
uben,Hornby (Town),6.3 MILES NE OF CORNING,414 414 64012063 BUCK HOLLOW CREEK,NYSDOT,1964,03/29/2016,N,6.25
uben,Hornby (Town),7.5 MILES NE OF CORNING,BUCK HOLLOW ROAD BUCK HOLLOW CREEK,40 - Town,2012,11/28/2016,N,7.00
uben,Hornby (Town),IN HORNBY,COUNTY ROAD 41 DRY RUN CREEK,30 - County,1998,08/29/2016,N,5.71
uben,Hornby (Town),1.9 MILES WEST OF HORNBY,DRY RUN ROAD DRY RUN CREEK,40 - Town,2007,07/20/2017,FO,6.76
uben,Hornby (Town),2.1 MILE WEST OF HORNBY,HARRISON ROAD DRY RUN CREEK,40 - Town,2009,11/17/2015,N,6.91
uben,Hornby (Town),3.2 MILES NE OF CORNING,MORMON HOLLW ROAD MORMON HOLLOW CRK,40 - Town,1997,11/28/2016,SD,4.37
uben,Hornby (Town),2 MI NE OF FERENBAUGH,TOWNLEY HILL ROAD POST CREEK,40 - Town,1968,05/10/2017,SD,5.51
uben,Hornell (City),ROUTE 21 IN HORNELL,21  21 64022001 NORFOLK SOUTHERN,NYSDOT,1995,05/10/2017,N,6.52
uben,Hornell (City),IN CITY OF HORNELL,21  21 64022003 CANACADEA CREEK,NYSDOT,1995,09/03/2015,N,5.45
uben,Hornell (City),0.2 MI N JCT SR36 & SR21,21  21 64022106 CANACADEA CREEK,NYSDOT,1978,07/20/2016,N,6.26
uben,Hornell (City),0.7 MI N JCT RTS 36&21,21  21 64023300 CANISTEO RIVER,NYSDOT,1978,08/25/2016,N,5.12
uben,Hornell (City),0.7 MI N JCT RTS 36&21,21  21 64023300 CANISTEO RIVER,NYSDOT,1978,08/25/2016,N,5.07
uben,Hornell (City),1.0 MI S END OF HORNELL,36  36 64012004 CROSBY CREEK,NYSDOT,1968,04/12/2016,N,6.24
uben,Hornell (City),IN HORNELL RTE 36,36  36 64012013 LODER STREET,NYSDOT,1968,09/27/2017,N,5.95
uben,Hornell (City),IN CITY OF HORNELL,BENNETT STREET CANISTEO RIVER,42 - City,1940,09/20/2017,N,5.16
uben,Hornell (City),IN HORNELL,CANISTEO STREET CROSBY CREEK,42 - City,1952,03/30/2017,SD,3.27
uben,Hornell (City),IN HORNELL,CATHERINE STREET CHAUNCY RUN,42 - City,1962,11/02/2015,FO,6.57
uben,Hornell (City),IN HORNELL,CHURCH STREET CANACADEA CREEK,42 - City,1968,04/17/2017,SD,5.51
uben,Hornell (City),IN HORNELL,E  VANSCOTER ST CROSBY CREEK,42 - City,1967,09/13/2016,N,6.69
uben,Hornell (City),IN HORNELL,EAST MAIN STREET CHAUNCY RUN,42 - City,1934,06/15/2017,SD,4.84
uben,Hornell (City),IN HORNELL,GRAND STREET CROSBY CREEK,42 - City,2012,10/27/2016,N,6.57
uben,Hornell (City),IN HORNELL,MAIN STREET CANISTEO RIVER,42 - City,1992,08/16/2016,FO,6.44
uben,Hornell (City),IN HORNELL,PARK ROAD CANISTEO RIVER,42 - City,2001,11/04/2015,N,6.84
uben,Hornell (City),IN HORNELL,RIVER STREET CANISTEO RIVER,42 - City,2008,09/13/2016,N,6.53
uben,Hornell (City),IN CITY OF HORNELL,SENECA STREET CANACADEA CREEK,42 - City,1980,03/27/2017,FO,4.20
uben,Hornell (City),IN HORNELL,SOUTH DIVISION ST CROSBY CREEK,42 - City,1965,05/24/2017,SD,4.80
uben,Hornell (City),IN HORNELL,THACHER STREET CANACADEA CREEK,42 - City,1995,07/17/2017,N,6.51
uben,Hornellsville (Town),2.7 MI NW OF HORNELL,21  21 64021013 CANACADEA CK,NYSDOT,1948,08/23/2016,SD,5.48
uben,Hornellsville (Town),1.3 MI NW OF HORNELL,21  21 64021035 CANACADEA CREEK,NYSDOT,2009,03/23/2017,N,7.00
uben,Hornellsville (Town),JCT SR 21 & CO RD 7,21  21 64023311 BIG CREEK,NYSDOT,1976,12/01/2016,N,7.00
uben,Hornellsville (Town),JCT SR 21 & CO RD 7,21  21 64023311 BIG CREEK,NYSDOT,1976,11/01/2016,N,7.00
"",,,"NY State Highway Bridge Data:  October 31, 2017",,,,,
"",,,Steuben County,,,,,
"",,,,,Year,Date,,NYS
"",,,,,Built or,of Last,SD/FO,Condition
nty,Municipality,Location,Feature Carried Feature Crossed,Owner,Replaced,Inspection,Status,Rating
uben,Hornellsville (Town),2.4 MI N JCT SR36 & SR21,21  21 64023316 CARRINGTON CREEK,NYSDOT,1978,07/13/2016,N,5.67
uben,Hornellsville (Town),.2 MI S JCT I86 & SR 36,36  36 64013222 TB CANISTEO RIVER,NYSDOT,1970,08/24/2015,N,5.00
uben,Hornellsville (Town),JCT RTS 17 + 36,86I 17 64041132 36  36 64021046,NYSDOT,1970,09/27/2016,N,5.18
uben,Hornellsville (Town),JCT RTS 17 + 36,86I 17 64041132 36  36 64021046,NYSDOT,1970,09/27/2016,N,5.39
uben,Hornellsville (Town),.5 MILE W JCT I86 & SR 36,86I 17 64044037 NORFOLK SOUTHERN RR,NYSDOT,1973,06/26/2017,N,5.71
uben,Hornellsville (Town),.5 MILE W JCT I86 & SR 36,86I 17 64044037 NORFOLK SOUTHERN RR,NYSDOT,1973,06/26/2017,N,5.22
uben,Hornellsville (Town),0.2 MI W JCT RTS 17 + 36,86I 17 64044038 CANISTEO RIVER,NYSDOT,1973,05/23/2017,N,6.05
uben,Hornellsville (Town),0.2 MI W JCT RTS 17 + 36,86I 17 64044039 CANISTEO RIVER,NYSDOT,1973,05/23/2017,N,6.14
uben,Hornellsville (Town),0.2 MI E JCT RTS 17 + 36,86I 17 64044045 UNNAMED DITCH,NYSDOT,1969,08/13/2015,N,5.79
uben,Hornellsville (Town),.4 MILE E JCT I86 & SR 36,86I 17 64044046 AIRPORT ROAD,NYSDOT,1970,05/26/2016,N,5.63
uben,Hornellsville (Town),.4 MILE E JCT I86 & SR 36,86I 17 64044046 AIRPORT ROAD,NYSDOT,1970,05/26/2016,N,5.39
uben,Hornellsville (Town),1.5 MI S OF HORNELL,COUNTY ROAD 64 CANISTEO RIVER,30 - County,1971,07/11/2017,N,4.56
uben,Hornellsville (Town),.5 MILE SOUTH OF ARKPORT,COUNTY ROAD 65 CANISTEO RIVER,30 - County,2005,11/12/2015,N,6.65
uben,Hornellsville (Town),1.0 MI S OF ARKPORT,COUNTY ROAD 65 MARSH DITCH,30 - County,1979,08/29/2017,N,5.95
uben,Hornellsville (Town),2.5 MI S OF ARKPORT,COUNTY ROAD 66 CANISTEO RIVER,30 - County,1956,06/13/2017,N,4.11
uben,Hornellsville (Town),1.7 MILES WEST OF ARKPORT,COUNTY ROAD 67 CANISTEO RIVER,30 - County,1967,11/10/2015,N,6.12
uben,Hornellsville (Town),0.8 MI W OF ARKPORT,COUNTY ROAD 67 CANISTEO RIVER,30 - County,1973,11/10/2015,N,5.46
uben,Hornellsville (Town),3.5 MILES SW OF HORNELL,COUNTY ROAD 68 CROSBY CREEK,30 - County,1985,11/11/2015,N,4.71
uben,Hornellsville (Town),2.3 MI SW OF HORNELL,COUNTY ROAD 68 CROSBY CREEK,30 - County,1972,10/12/2015,N,4.71
uben,Hornellsville (Town),3.7 MI SW OF HORNELL,COUNTY ROAD 68 CROSBY CREEK,30 - County,1980,04/03/2017,SD,5.14
uben,Hornellsville (Town),3.6 MILES SW OF HORNELL,COUNTY ROAD 68 CROSBY CREEK,30 - County,2006,10/27/2016,N,6.91
uben,Hornellsville (Town),1.1 MILES NE OF N HORNELL,COUNTY ROAD 70A BIG CREEK,30 - County,1936,10/16/2017,N,6.20
uben,Hornellsville (Town),0.3 MI NE OF N.HORNELL,COUNTY ROAD 70A BIG CREEK,30 - County,1936,07/26/2017,N,5.02
uben,Hornellsville (Town),2.9 MI NORTH OF CANISTEO,CUNNINGHAM CRK RD CUNNINGHAM CREEK,40 - Town,2009,09/13/2017,N,6.48
uben,Hornellsville (Town),2.3 MILES N OF CANISTEO,CUNNINGHAM CRK RD CUNNINGHAM CREEK,40 - Town,1986,06/27/2017,N,2.00
uben,Hornellsville (Town),2.7 MILES EAST OF HORNELL,CUNNINGHAM CRK RD CUNNINGHAM CREEK,40 - Town,2014,10/25/2016,N,6.62
uben,Hornellsville (Town),1.2 MI SW JCT RTS 17 + 36,DOORLEY ROAD 86I  17 64044028,NYSDOT,1973,08/02/2017,N,5.43
uben,Hornellsville (Town),1.9 MI SW OF HORNELL,HONEY RUN ROAD CROSBY CREEK,40 - Town,1993,06/27/2017,N,6.29
uben,Hornellsville (Town),0.8 MI N OF HORNELL,LOON LAKE ROAD CARRINGTON CREEK,40 - Town,1932,10/20/2015,N,6.02
uben,Hornellsville (Town),1.5 MI NW OF CANISTEO,MAGEE ROAD CANISTEO RIVER,40 - Town,1975,07/05/2017,N,4.63
uben,Hornellsville (Town),.1 MI E JCT SR 21 & SR 36,SENECA ROAD CARRINGTON CREEK,NYSDOT,1978,10/21/2015,N,6.33
uben,Hornellsville (Town),1.7 MI N OF HORNELL,SENECA STREET BIG CREEK,40 - Town,2016,10/25/2016,SD,7.00
uben,Howard (Town),IN HOWARD - EXIT 35 OF I8,962B 962B 64011002 86I 17 64044138,NYSDOT,1970,10/12/2016,N,5.54
"",,,"NY State Highway Bridge Data:  October 31, 2017",,,,,
"",,,Steuben County,,,,,
"",,,,,Year,Date,,NYS
"",,,,,Built or,of Last,SD/FO,Condition
nty,Municipality,Location,Feature Carried Feature Crossed,Owner,Replaced,Inspection,Status,Rating
uben,Howard (Town),3 MILES NE OF CANISTEO,BUENA VISTA ROAD STEPHENS CREEK,40 - Town,1992,10/14/2015,N,6.26
uben,Howard (Town),5.5 MI NE OF CANISTEO,CO RD 14 CAMPBELL CREEK,30 - County,1990,11/10/2015,SD,5.12
uben,Howard (Town),5.7 MI. NE OF CANISTEO,COUNTY ROAD 14 CAMPBELL CREEK,30 - County,1990,10/08/2015,FO,6.58
uben,Howard (Town),2.5 MI NE OF CANISTEO,COUNTY ROAD 27 STEPHENS GULCH,30 - County,1955,10/08/2015,N,5.85
uben,Howard (Town),1.2 MI E OF HASKINVILLE,COUNTY ROAD 6 NEILS CREEK,30 - County,1998,10/17/2016,N,6.48
uben,Howard (Town),2.5 MILES EAST OF HOWARD,COUNTY ROAD 70A GOFF CREEK,30 - County,1999,11/09/2015,N,6.29
uben,Howard (Town),2.3 MI E OF HOWARD,COUNTY ROAD 70A GOFF CREEK,30 - County,1968,11/09/2015,N,6.61
uben,Howard (Town),2.1 MI NW OF HOWARD,CR 55 86I 17 64044116,NYSDOT,1970,11/08/2016,N,5.47
uben,Howard (Town),2.0 MI SE OF HOWARD,MCCADDAM ROAD RICE GLEN CREEK,40 - Town,1962,10/25/2016,SD,4.86
uben,Howard (Town),1.2 MI E OF HOWARD,MILL ROAD GOFF CREEK,40 - Town,1991,10/13/2015,N,5.14
uben,Howard (Town),5.5MI. S OF HOWARD,NICHOLSON ROAD CAMPBELL CREEK,40 - Town,1984,06/12/2017,SD,4.74
uben,Howard (Town),2.8 MI S OF TOWLESVILLE,STONE SCHOOL ROAD CAMPBELL CREEK,40 - Town,2013,09/06/2017,N,6.52
uben,Jasper (Town),.1 MILE NW OF JASPER,3636 64011106 TUSCARORA CREEK,NYSDOT,2005,10/29/2015,N,6.07
uben,Jasper (Town),2.1 MI SE OF S CANISTEO,36  36 64011141 PEAK CREEK,NYSDOT,1948,07/12/2017,N,4.00
uben,Jasper (Town),1.0 MI SE OF JASPER,417  17 64041158 TUSCARORA CREEK,NYSDOT,2012,11/17/2016,N,6.33
uben,Jasper (Town),RTE 417 1 MI E JASPER,417  17 64041165 TUSCARORA CREEK,NYSDOT,1978,06/21/2017,N,5.73
uben,Jasper (Town),5.5 MILES WEST OF JASPER,ALVORD HILL ROAD WOODWARD HLLOW CK,40 - Town,1972,09/21/2017,N,5.94
uben,Jasper (Town),2.4 MILES EAST OF JASPER,BAUCHER ROAD GARDENER SCHL CRK,40 - Town,1973,09/17/2015,N,4.47
uben,Jasper (Town),1.7 MI NE OF JASPER,COUNTY ROAD 123 GARDENER SCHOOL C,30 - County,1920,10/06/2015,N,5.23
uben,Jasper (Town),3.1 MI NW OF HEDGESVILLE,COUNTY ROAD 21 N B TUSCARORA CRK,30 - County,1988,08/01/2017,N,6.62
uben,Jasper (Town),3.6 MI EAST OF S CANISTEO,COUNTY ROAD 21 N B TUSCARORA CRK,30 - County,1988,11/02/2015,N,5.61
uben,Jasper (Town),3.8 MI NW OF HEDGESVILLE,COUNTY ROAD 21 N BR TUSCARORA CR,30 - County,1991,10/24/2016,N,6.48
uben,Jasper (Town),2.2 MI S OF SO CANISTEO,COUNTY ROAD 31 MILWAUKEE CREEK,30 - County,1991,10/07/2015,N,6.18
uben,Jasper (Town),IN JASPER,COUNTY ROAD 71 TUSCARORA CREEK,30 - County,2016,09/13/2016,SD,7.00
uben,Jasper (Town),1.4 MI NW OF JASPER,DRAKE HILL ROAD TUSCARORA CREEK,40 - Town,2010,10/26/2016,N,7.00
uben,Jasper (Town),1.8 MI EAST OF JASPER,FIVE CORNERS RD GARDNER SCHOOL CK,40 - Town,1972,05/25/2017,N,4.83
uben,Jasper (Town),1.0 MI SE OF JASPER,FIVE CORNERS ROAD TUSCARORA CREEK,40 - Town,1972,08/30/2017,N,5.09
uben,Jasper (Town),2.9 MI SE OF JASPER,OLD STATE ROAD TUSCARORA CREEK,40 - Town,1997,08/15/2017,N,5.65
uben,Jasper (Town),1.5 MI E OF FIVE CORNERS,OLD STATE ROAD TUSCARORA CREEK,40 - Town,2017,07/20/2017,SD,7.00
uben,Jasper (Town),5.6 MILES NORTH OF JASPER,UPPER SWALE RD. N B TUSCARORA CRK,40 - Town,2011,09/21/2017,N,7.00
uben,Lindley (Town),.2 MI SOUTH OF PRESHO,99I 15 64011060 S BR GLENDENING CRK,NYSDOT,1969,05/24/2017,N,6.13
uben,Lindley (Town),.2 MI SOUTH OF PRESHO,99I 15 64011060 S BR GLENDENING CRK,NYSDOT,1969,05/24/2017,N,5.58
uben,Lindley (Town),Rt 15 over Morgan Creek,99I 64011023 Morgan Creek Rd,NYSDOT,2013,08/19/2015,N,6.78
"",,,"NY State Highway Bridge Data:  October 31, 2017",,,,,
"",,,Steuben County,,,,,
"",,,,,Year,Date,,NYS
"",,,,,Built or,of Last,SD/FO,Condition
nty,Municipality,Location,Feature Carried Feature Crossed,Owner,Replaced,Inspection,Status,Rating
uben,Lindley (Town),Rt 15 over Watson Creek,99I 99I 6401 1012 Watson Creek Rd,NYSDOT,2013,08/20/2015,N,6.42
uben,Lindley (Town),Rt 15 over Watson Creek,99I 99I 6401 1012 Watson Creek Rd,NYSDOT,2013,08/20/2015,N,6.31
uben,Lindley (Town),Lindley,99I 99I 6401 1037 Stowell Rd,NYSDOT,2013,09/17/2015,FO,6.90
uben,Lindley (Town),Rt15 over Morgan Creek,99I 99I 64011023 Morgan Creek Rd,NYSDOT,2013,08/19/2015,N,6.79
uben,Lindley (Town),Lindley,99I 99I 64011037 Stowell Rd,NYSDOT,2013,09/17/2015,FO,6.83
uben,Lindley (Town),1.4 MI SW OF PRESHO,BELL HILL ROAD S BR GLENDENN CK,40 - Town,2004,09/13/2016,N,6.62
uben,Lindley (Town),2.5 MILES SW OF PRESHO,CLENDENNING RD NB GLENDENNING CK,40 - Town,2001,11/16/2015,N,7.00
uben,Lindley (Town),1.0 MI NE OF LINDLEY,COUNTY ROAD 106 CHURCH CREEK,30 - County,1994,10/27/2016,N,6.91
uben,Lindley (Town),IN PRESHO,COUNTY ROAD 115 S B GLENDENING CK,30 - County,1971,07/26/2017,SD,5.04
uben,Lindley (Town),1.1 MILES NE OF LINDLEY,COUNTY ROAD 120 TANNERY CREEK,30 - County,1991,09/19/2017,N,5.27
uben,Lindley (Town),1.6 MI NE OF LINDLEY,COUNTY ROAD 120 TANNERY CREEK,30 - County,2012,10/27/2016,N,6.91
uben,Lindley (Town),AT PRESHO,COUNTY ROAD 5 991 15 6401 1064,NYSDOT,1969,11/02/2015,N,5.58
uben,Lindley (Town),.6 MILE WEST OF PRESHO,COUNTY ROAD 5 N B GLENDENING CK,30 - County,1986,07/18/2017,N,6.57
uben,Lindley (Town),IN LINDLEY,COUNTY ROAD 73 TIOGA RIVER,30 - County,2009,06/05/2017,N,6.88
uben,Lindley (Town),1.4 MI N OF LINDLEY,COUNTY ROAD 73 COOKS CREEK,30 - County,1989,05/10/2017,N,6.42
uben,Lindley (Town),1.8 MI SW OF PRESHO,COUNTY ROAD 73 RYAS CREEK,30 - County,1931,05/10/2017,N,5.92
uben,Lindley (Town),IN PRESHO,COUNTY ROAD 73 TIOGA RIVER,30 - County,1949,06/06/2017,N,5.52
uben,Lindley (Town),0.1 MI N JCT RTE 15 + CL,CR 115 COWANESQUE RIVER,30 - County,2010,11/30/2016,N,6.46
uben,Lindley (Town),0.1 MI N OF LINDLEY,County Road 115 MORGAN CREEK,30 - County,1953,05/24/2017,N,3.67
uben,Lindley (Town),1.2 MI N JCT CR 115 + CL,County Road 115 WATSON CREEK,30 - County,1953,05/24/2017,N,5.67
uben,Lindley (Town),2.2 MI NE OF LINDLEY,GRISWOLD ROAD COOKS CREEK,40 - Town,1966,05/31/2017,SD,3.44
uben,Lindley (Town),1.15 mi SE of Lindley,Kuhl Road Watson Creek,30 - County,2008,08/17/2016,FO,6.69
uben,Lindley (Town),.7 MILE WEST OF PRESHO,N CLENDENNING CRK N B GLENDENING CK,40 - Town,1983,08/14/2017,N,7.00
uben,Lindley (Town),1.4 MI SW OF PRESHO,N GLENDENNING CRK RD N. BR GLENDENNING CRK,40 - Town,2016,12/14/2016,SD,7.00
uben,Lindley (Town),2.7 MILES WEST OF LINDLEY,STOWELL ROAD S BR GLENDENNING CK,40 - Town,1962,07/26/2017,N,4.27
uben,North Hornell (Village),JCT RTS 21&36&CANISTEO R,SENECA ROAD CANISTEO RIVER,41 - Village,2013,11/30/2015,FO,7.00
uben,Painted Post (Village),0.4 MI E JCT RTS 415 & 17,415 415 64011027 HODGMANS CREEK,NYSDOT,1996,09/29/2016,N,6.91
uben,Painted Post (Village),IN PAINTED POST VILLAGE,415 415 64011032 PEDESTRIAN & BIKE,NYSDOT,1986,07/08/2015,N,5.05
uben,Prattsburg (Town),4 MI S JCT SR 21 & SR 53,53  53 64011187 TB TWELVEMILE CRK,NYSDOT,1997,08/05/2015,N,5.86
uben,Prattsburg (Town),2.5 MI S OF PRATTSBURG,BEAN STATION ROAD FIVEMILE CREEK,40 - Town,1978,06/14/2017,SD,5.39
uben,Prattsburg (Town),IN PRATTSBURG,COUNTY ROAD 7 TRIB FIVEMILE CRK,30 - County,1986,05/15/2017,N,6.24
uben,Prattsburg (Town),5.2 MI SW OF PRATTSBURG,COUNTY ROAD 7 TEN MILE CREEK,30 - County,1976,09/10/2015,N,5.56
uben,Prattsburg (Town),7 MI NE OF AVOCA,COUNTY ROAD 7 TEN MILE CREEK,30 - County,1977,10/09/2017,N,5.00
"",,,"NY State Highway Bridge Data:  October 31, 2017",,,,,
"",,,Steuben County,,,,,
"",,,,,Year,Date,,NYS
"",,,,,Built or,of Last,SD/FO,Condition
nty,Municipality,Location,Feature Carried Feature Crossed,Owner,Replaced,Inspection,Status,Rating
uben,Prattsburg (Town),1 MILE S OF PRATTSBURG,COUNTY ROAD 74 FIVEMILE CREEK,30 - County,1962,05/22/2017,FO,6.74
uben,Prattsburg (Town),.4 MI EAST OF PRATTSBURG,COUNTY ROAD 75 FIVEMILE CREEK,30 - County,1992,04/04/2017,N,6.27
uben,Prattsburg (Town),1 MI S OF INGLESIDE,COUNTY ROAD 9 LYONS HLLOW CREEK,30 - County,2002,10/17/2016,N,6.67
uben,Prattsburg (Town),0.3 MI S OF INGLESIDE,COUNTY ROAD 9 TWELVE MILE CREEK,30 - County,1991,09/26/2017,N,5.15
uben,Prattsburg (Town),3.2 MI. S OF INGLESIDE,COUNTY ROAD 9 TWELVE MILE CREEK,30 - County,1983,09/26/2017,N,6.29
uben,Prattsburg (Town),4.2 MI W OF PRATTSBURG,LYONS HOLLOW ROAD LYONS CREEK,40 - Town,1988,08/18/2015,SD,4.68
uben,Prattsburg (Town),0.7 MI SE OF PRATTSBURG,TRANT ROAD FIVEMILE CREEK,40 - Town,2008,11/02/2016,N,7.00
uben,Prattsburg (Town),3.1 MI NE OF PRATTSBURG,TUTTLE ROAD FIVEMILE CREEK,40 - Town,2007,09/26/2017,N,6.81
uben,Prattsburg (Town),1.6 MI.S.OF PRATTSBURG,WALDO ROAD FIVEMILE CREEK,40 - Town,2017,09/19/2017,N,7.00
uben,Pulteney (Town),3.8 MI S OF YATES CL,54A 54A64011097 ROTH CREEK,NYSDOT,1941,05/23/2016,N,4.77
uben,Pulteney (Town),1 MI NE PULTENEY RTE 54A,54A 54A64011102 WAGENER GLEN CK,NYSDOT,1978,05/23/2016,N,5.48
uben,Pulteney (Town),3.7 MI W OF CATAWBA,COUNTY ROAD 77 TRIB FIVEMILE CRK,30 - County,1960,05/22/2017,FO,4.69
uben,Pulteney (Town),0.3 MI N OF PULTENEY,COUNTY ROAD 78 WAGENER GLEN CK,30 - County,1964,07/27/2017,N,5.28
uben,Pulteney (Town),1.1 MI SOUTH OF PULTENEY,CROSS ST COLE CREEK,40 - Town,1998,09/15/2016,N,7.00
uben,Rathbone (Town),8.5 MILES NE OF ADDISON,COUNTY ROAD 110 CANISTEO RIVER,30 - County,2005,07/24/2017,N,6.81
uben,Rathbone (Town),1.4 MI E OF CAMERON MILLS,COUNTY ROAD 119 HELMER CREEK,30 - County,1989,04/19/2017,N,5.44
uben,Rathbone (Town),IN RATHBONE,COUNTY ROAD 21 CANISTEO RIVER,30 - County,1990,07/25/2017,N,5.75
uben,Rathbone (Town),1.1 MI E OF CAMERON MILLS,COUNTY ROAD 24 TRIB HELMER CREEK,30 - County,1937,04/24/2017,N,4.73
uben,Rathbone (Town),0.5 MI NW OF RATHBONE,COUNTY ROAD 80 TRACY CREEK,30 - County,1990,09/19/2017,N,6.91
uben,Rathbone (Town),2.8 MI SE OF CAMERON,COUNTY ROAD 80 TRACY CREEK,30 - County,2001,11/17/2015,N,6.81
uben,Rathbone (Town),2.1 MI SW OF RATHBONE,COUNTY ROAD 81 N BR TUSCARORA CK,30 - County,1967,09/19/2017,N,7.00
uben,Rathbone (Town),2 MILES SOUTH OF RATHBONE,DERBY HILL ROAD N B TUSCARORA CRK,40 - Town,2011,11/17/2015,N,6.91
uben,Rathbone (Town),2.3 MI SW OF RATHBONE,HARDSCRABBLE ROAD N BR TUSCARORA,40 - Town,1994,09/14/2016,N,5.65
uben,Rathbone (Town),1.4 MI NW OF RATHBONE,LEARN RD TRACY CREEK,40 - Town,1963,09/19/2017,SD,5.39
uben,Rathbone (Town),2.4 MI SW OF RATHBONE,MERRING ROAD N BR TUSCARORA CK,40 - Town,1960,11/29/2016,N,4.18
uben,Rathbone (Town),1.5 MI SE OF RATHBONE,NEWCOMB ROAD CANISTEO RIVER,40 - Town,1987,08/07/2017,SD,4.63
uben,Rathbone (Town),2.9 MI N OF RATHBONE,SAUNDERS ROAD CANISTEO RIVER,40 - Town,2008,08/08/2016,N,7.00
uben,Riverside (Village),0.9 MI SE OF PAINTED POST,86I 17 64041449 CUTLER CREEK,NYSDOT,1994,07/14/2016,N,5.67
uben,Riverside (Village),1.3 MI W JCT SR414 &SR415,86I 17 64041504 415 415 64011042,NYSDOT,1995,10/07/2015,FO,6.02
uben,Riverside (Village),1.3 MI W JCT SR414 &SR415,86I 17 64041504 415 415 64011042,NYSDOT,1995,10/07/2015,FO,5.71
uben,Riverside (Village),.3 MI N JCT SR415 & NS RR,86I 17 64041505 NORFOLK SOUTHERN,NYSDOT,1995,10/15/2015,N,5.67
uben,Riverside (Village),.3 MI N JCT SR415 & NS RR,86I 17 64041505 NORFOLK SOUTHERN RR,NYSDOT,1995,10/15/2015,N,5.59
uben,Riverside (Village),0.2MI S RT415 & RT 17-STE,86IX 86I 17 64041449,NYSDOT,1995,10/26/2015,FO,5.93
"",,,"NY State Highway Bridge Data:  October 31, 2017",,,,,
"",,,Steuben County,,,,,
"",,,,,Year,Date,,NYS
"",,,,,Built or,of Last,SD/FO,Condition
nty,Municipality,Location,Feature Carried Feature Crossed,Owner,Replaced,Inspection,Status,Rating
uben,Riverside (Village),0.6 MI SE JCT RTS 15 + 17,352  17 64041419 CUTLER CREEK,NYSDOT,2008,06/07/2017,N,6.50
uben,Riverside (Village),.4 MILE WEST OF CORNING,352  17 64041424 NORFOLK SOUTHERN,NYSDOT,2014,08/10/2016,N,6.94
uben,Riverside (Village),0.9 MI SE OF PAINTED POST,415 415 64011040 CUTLER CREEK,NYSDOT,1940,07/14/2016,N,5.67
uben,Riverside (Village),.3 MI N JCT SR415 & NSRR,EB RAMP FROM STE NORFOLK SOUTHERN,NYSDOT,1995,10/15/2015,N,5.97
uben,Riverside (Village),.3 MI N JCT SR415 & NS RR,WB RAMP FROM STE NORFOLK SOUTHERN,NYSDOT,1995,10/15/2015,N,5.63
uben,Savona (Village),0.7 MI SE JCT RTS 17 +226,86I 17 64044327 MUD CREEK,NYSDOT,1969,06/13/2017,N,5.88
uben,Savona (Village),0.7 MI SE JCT RTS 17 +226,86I 17 64044327 MUD CREEK,NYSDOT,1969,06/13/2017,N,5.84
uben,Savona (Village),JCT RTS 17 + 226,226 226 64011001 86I 17 64044320,NYSDOT,1969,07/07/2016,N,5.40
uben,Savona (Village),0.1 MI W JCT I86 + SR 226,226 226 64011002 COHOCTON RIVER,NYSDOT,1970,04/28/2016,N,4.44
uben,South Corning (Village),1.0 MI S OF CORNING,225 225 64011056 UNKNOWN CREEK,NYSDOT,1976,07/11/2017,N,3.44
uben,Thurston (Town),5.5 MI SW OF BATH,COUNTY ROAD 11 STOCKING CREEK,30 - County,2006,03/23/2017,N,6.57
uben,Thurston (Town),1.6 MI E OF THURSTON,COUNTY ROAD 333 MICHIGAN CREEK,30 - County,1973,07/06/2016,N,3.00
uben,Thurston (Town),1.7 MI E OF THURSTON,COUNTY ROAD 333 MICHIGAN CREEK,30 - County,1973,07/06/2016,N,3.00
uben,Thurston (Town),2.6 MI N OF CAMPBELL,SAVONA CAMPBELL R HELMS CREEK,40 - Town,1959,05/09/2017,N,4.73
uben,Thurston (Town),3.2 MI W OF CAMPBELL,SOUTH HILL ROAD MICHIGAN CREEK,40 - Town,1986,05/11/2017,SD,5.43
uben,Troupsburg (Town),1.3 MI N OF PENN SL RTE36,36  36 64011015 TROUPS CREEK,NYSDOT,1978,08/25/2015,N,4.96
uben,Troupsburg (Town),2.0 MI SE OF TROUPSBURG,36  36 64011016 TRIB TROUPS CREEK,NYSDOT,2008,11/17/2016,N,6.50
uben,Troupsburg (Town),1.3 MI N OF TROUPSBURG,36  36 64011047 COOVER HOLLOW CK,NYSDOT,1965,04/13/2016,N,5.44
uben,Troupsburg (Town),0.3 MI SE of Troupsburg,36  36 64011031 Trib Troups Creek,NYSDOT,2003,10/29/2015,N,5.69
uben,Troupsburg (Town),3.4 MI SE OF TROUPSBURG,COOK HOLLOW ROAD TROUPS CREEK,40 - Town,2016,08/23/2016,N,7.00
uben,Troupsburg (Town),1.4 MILES SW OF WOODHULL,COUNTY ROAD 103 S B TUSCARORA CRK,30 - County,1989,09/18/2017,N,6.64
uben,Troupsburg (Town),3.2 MI NW OF TROUPSBURG,COUNTY ROAD 117 KEEGANS CREEK,30 - County,1983,07/31/2017,N,6.00
uben,Troupsburg (Town),.3 MILE S OF TROUPSBURG,COUNTY ROAD 117 TROUPS CREEK,30 - County,1978,09/07/2016,N,6.91
uben,Troupsburg (Town),3.5 MI W 0F TROOPSBURG,COUNTY ROAD 117 YOUNG HICKORY CRK,30 - County,1991,09/20/2017,N,6.77
uben,Troupsburg (Town),.7 MILE SW OF TROUPSBURG,COUNTY ROAD 117 YOUNG HICKORY CRK,30 - County,1989,09/20/2017,N,6.23
uben,Troupsburg (Town),2 MILES SW OF TROUPSBURG,COUNTY ROAD 84 SQUAB HOLLOW CRK,30 - County,1990,07/31/2017,N,6.52
uben,Troupsburg (Town),1.9 MI SW OF TROUPSBURG,COUNTY ROAD 84 SQUAB HOLLOW CRK,30 - County,1995,09/20/2017,N,6.71
uben,Troupsburg (Town),1.3 MI S OF TROUPSBURG,COUNTY ROAD 84 TROUPS CREEK,30 - County,2010,10/26/2016,N,6.71
uben,Troupsburg (Town),IN VILLAGE OF TROUPSBURG,HOPPER HILL ROAD TROUPS CREEK,40 - Town,1990,10/07/2015,FO,4.89
uben,Troupsburg (Town),3.4 MI W OF TROUPSBURG,MCALLISTER ROAD YOUNG HICKORY CRK,40 - Town,2012,10/26/2016,N,7.00
uben,Troupsburg (Town),2.6 MI W OF WOODHULL,OLMSTEAD ROAD HOPPER CREEK,40 - Town,2003,03/23/2017,N,6.91
uben,Tuscarora (Town),5.1 MI E OF WOODHULL,417  17 64041268 TUSCARORA CREEK,NYSDOT,1966,10/29/2015,N,5.75
uben,Tuscarora (Town),0.6 MI N OF FREEMAN,BUNKER HILL ROAD MINE CREEK,40 - Town,1961,09/20/2016,SD,4.69
"",,,"NY State Highway Bridge Data:  October 31, 2017",,,,,
"",,,Steuben County,,,,,
"",,,,,Year,Date,,NYS
"",,,,,Built or,of Last,SD/FO,Condition
nty,Municipality,Location,Feature Carried Feature Crossed,Owner,Replaced,Inspection,Status,Rating
uben,Tuscarora (Town),1.7 MI NW OF FREEMAN,CORNWELL ROAD ELK CREEK,40 - Town,2012,04/04/2016,N,6.86
uben,Tuscarora (Town),1.6 MILES NE OF BORDEN,COUNTY ROAD 100 ELK CREEK,30 - County,1985,09/25/2017,N,6.10
uben,Tuscarora (Town),4.0 MI SW OF ADDISON,COUNTY ROAD 85 MINE CREEK,30 - County,1976,09/19/2017,N,5.00
uben,Tuscarora (Town),1 MILE NORTH OF FREEMAN,COUNTY ROAD 85 TUSCARORA CREEK,30 - County,2005,11/19/2015,N,6.80
uben,Tuscarora (Town),3.7 MI S OF ADDISON,STEAD SCHOOL ROAD N BR GLENDENNING,40 - Town,1963,09/18/2017,N,5.55
uben,Tuscarora (Town),2.9 MI SE OF ADDISON,TINKERTOWN ROAD N.BR.GLENDENNING,40 - Town,1964,08/08/2016,N,6.04
uben,Urbana (Town),1.2 MI SW JCT SR54 + SR54,54  54 64011055 KEUKA INLET,NYSDOT,1939,10/18/2016,FO,4.96
uben,Urbana (Town),AT JCT RTS 54 + 54A,54  54 64011068 LOUGHLINE CREEK,NYSDOT,1939,05/31/2016,FO,4.48
uben,Urbana (Town),0.2 MI S OF HAMMONDSPORT,54A 54A64011002 COLD BROOK,NYSDOT,2015,12/14/2015,N,6.86
uben,Urbana (Town),1.5 MI SW OF PLEASANT,COLD SPRINGS ROAD KEUKA LAKE INLET,40 - Town,2009,10/20/2015,N,7.00
uben,Urbana (Town),1.5 MI SW OF PLEASANT VAL,COLD SPRINGS ROAD SOFTWATER CREEK,40 - Town,2007,09/25/2017,N,7.00
uben,Urbana (Town),1.6 MI SW OF PLEASANT,COLD SPRINGS ROAD SOFTWATER CREEK,40 - Town,2008,11/02/2016,N,7.00
uben,Urbana (Town),1.7 MI W OF HAMMONDSPORT,COUNTY ROAD 88 KEUKA INLET,30 - County,1972,04/06/2017,N,4.03
uben,Urbana (Town),1.5 MI N OF HAMMONDSPORT,RESERVOIR HILL RD GLEN BROOK,40 - Town,1961,09/25/2017,N,6.89
uben,Urbana (Town),1.1 MI SW OF PLEASANT VLY,TAGGART ROAD KEUKA LAKE INLET,40 - Town,1947,03/27/2017,SD,3.83
uben,Wayland (Town),0.4 MI SW JCT SR21 + I390,390I245 64031045 MILL CREEK,NYSDOT,1966,05/19/2016,N,6.25
uben,Wayland (Town),0.4 MI SW JCT SR21 + I390,390I245 64031045 MILL CREEK,NYSDOT,1966,05/19/2016,N,6.06
uben,Wayland (Town),S END OF PERKINSVILLE,390I390I64011054 COUNTY ROAD 90,NYSDOT,1966,04/19/2017,FO,5.27
uben,Wayland (Town),S END OF PERKINSVILLE,390I390I64011054 COUNTY ROAD 90,NYSDOT,1966,04/19/2017,FO,5.02
uben,Wayland (Town),0.8 MI E JCT SR 21 & I390,390I390I64011153 YOCUM ROAD,NYSDOT,1975,05/27/2016,N,5.00
uben,Wayland (Town),.8 MI E JCT SR 21 & I390,390I390I64011153 YOCUM ROAD,NYSDOT,1975,05/27/2016,N,5.07
uben,Wayland (Town),JCT RTS 21 + I390,390I390I64011166 21  21 64023188,NYSDOT,1975,09/10/2015,N,5.73
uben,Wayland (Town),JCT RTS 21 + I390,390I390I64011166 21  21 64023188,NYSDOT,1975,09/10/2015,N,5.48
uben,Wayland (Town),2.5 MI S OF WAYLAND,COUNTY ROAD 90 MILL CREEK,30 - County,1993,09/27/2017,N,6.10
uben,Wayland (Town),14 MI S WAYLAND,MICHIGAN STREET MILL CREEK,40 - Town,1966,09/27/2017,N,5.92
uben,Wayland (Town),2.7 MI EAST OF DANSVILLE,WHITEMAN GULLY RD MILL CREEK,40 - Town,2007,09/26/2017,N,6.24
uben,West Union (Town),0.4 MI SW OF REXVILLE,248 248 64021060 BENNETT CREEK,NYSDOT,1926,11/14/2016,N,6.50
uben,West Union (Town),3.3 MI S JCT RT 248 & 417,248 248 64021074 BENNETT CREEK,NYSDOT,1999,11/05/2015,N,6.05
uben,West Union (Town),IN REXVILLE,CEMETERY HILL RD BENNETTS CREEK,40 - Town,1963,07/25/2017,FO,4.73
uben,West Union (Town),1.5 MI W OF WILEYVILLE,COUNTY ROAD 124 WILEYVILLE CREEK,30 - County,1996,10/26/2016,N,6.71
uben,West Union (Town),5.6 MI SW OF REXVILLE,COUNTY ROAD 124 WILEYVILLE CREEK,30 - County,1974,10/26/2016,N,6.67
uben,West Union (Town),5.7 MI SW OF REXVILLE,COUNTY ROAD 124 WILEYVILLE CREEK,30 - County,1988,11/19/2015,N,5.63
uben,West Union (Town),4.6 MI SW OF REXVILLE,COUNTY ROAD 60 CRUDEN CREEK,30 - County,1975,09/20/2017,N,6.41
"",,,"NY State Highway Bridge Data:  October 31, 2017",,,,,
"",,,Steuben County,,,,,
"",,,,,Year,Date,,NYS
"",,,,,Built or,of Last,SD/FO,Condition
nty,Municipality,Location,Feature Carried Feature Crossed,Owner,Replaced,Inspection,Status,Rating
uben,West Union (Town),1.2 MI.SW OF REXVILLE,COUNTY ROAD 98 BENNETTS CREEK,30 - County,1990,11/02/2015,N,6.56
uben,West Union (Town),0.7 MI SW OF REXVILLE,CR 98 BENNETTS CREEK,30 - County,2002,10/31/2016,N,7.00
uben,Wheeler (Town),1.2 MI NE JCT RTS 17 & 53,53  53 64011017 FIVE MILE CREEK,NYSDOT,1981,07/20/2017,N,5.32
uben,Wheeler (Town),1.5 MI NE JCT 86I & SR53,53  53 64011032 TRIB FIVEMILE CRK,NYSDOT,1959,08/24/2015,N,5.47
uben,Wheeler (Town),SW END OF WHEELER,53  53 64011046 TRIB FIVE MILE CK,NYSDOT,1959,04/21/2016,N,3.67
uben,Wheeler (Town),2.0 MI NE OF WHEELER,53  53 64011070 TROUT RUN,NYSDOT,2012,10/18/2016,N,5.90
uben,Wheeler (Town),3 MI S OF PRATTSBURG,BEAN STATION ROAD TRIB FIVEMILE CRE,40 - Town,1981,05/08/2017,SD,4.90
uben,Wheeler (Town),3.2 MILES NE OF WALLACE,BELLINGER ROAD TENMILE CREEK,40 - Town,1987,05/15/2017,N,5.69
uben,Wheeler (Town),.8 MI NE OF WHEELER,COUNTY ROAD 13 FIVEMILE CREEK,30 - County,1990,04/06/2017,N,6.28
uben,Wheeler (Town),5 MILES NE OF WALLACE,COUNTY ROAD 7 TEN MILE CREEK,30 - County,1990,09/07/2017,N,6.56
uben,Wheeler (Town),4.0 MI NE OF WALLACE,COUNTY ROAD 7 TENMILE CREEK,30 - County,1994,06/01/2016,SD,5.51
uben,Wheeler (Town),3.4 MI W OF HAMMONDSPORT,COUNTY ROAD 89 MITCHELLSVILLE CK,30 - County,1993,09/07/2017,N,6.67
uben,Wheeler (Town),IN WHEELER,GARDNER ROAD FIVEMILE CREEK,40 - Town,1966,11/10/2016,N,6.81
uben,Wheeler (Town),3/4MI.NE INTER.RTES 17+53,HEMLOCK ROAD FIVE MILE CREEK,40 - Town,1986,09/07/2017,FO,6.67
uben,Wheeler (Town),1.5 MILES S OF WHEELER,LA RUE ROAD FIVEMILE CREEK,40 - Town,2014,08/19/2016,N,6.91
uben,Wheeler (Town),3.1 MI N OF WHEELER,MUTTON HOLLOW RD TROUT RUN,40 - Town,2012,07/18/2016,N,7.00
uben,Wheeler (Town),3.1 Mi N of Wheeler,MUTTON HOLLOW ROA TROUT RUN,40 - Town,2008,11/07/2016,N,7.00
uben,Wheeler (Town),2.7 MI NE OF WALLACE,SPAULDING ROAD TENMILE CREEK,40 - Town,1988,06/13/2017,FO,3.84
uben,Woodhull (Town),2 MILES NW OF WOODHULL,417  17 64041190 TRB TUSCARORA CRK,NYSDOT,1948,03/15/2016,SD,4.24
uben,Woodhull (Town),2.3 MI E OF WOODHULL,417  17 64041231 ALDRICH CREEK,NYSDOT,1967,04/13/2016,N,4.06
uben,Woodhull (Town),5.0 MI E OF WOODHULL,417  17 64041252 TUSCARORA CREEK,NYSDOT,1967,05/11/2016,N,4.38
uben,Woodhull (Town),2.3 MILES W OF FREEMAN,COUNTY ROAD 100 ELK CREEK,30 - County,1999,09/25/2017,N,6.91
uben,Woodhull (Town),15 MI SW OF JCT417 &CR100,COUNTY ROAD 100 ELK CREEK,30 - County,1994,05/22/2017,N,6.71
uben,Woodhull (Town),IN HEDGESVILLE,COUNTY ROAD 102 N BR TUSCARORA CK,30 - County,1963,09/25/2017,N,4.82
uben,Woodhull (Town),1.1 MILES SW OF WOODHULL,COUNTY ROAD 103 S B TUSCARORA CRK,30 - County,1989,09/20/2017,N,6.36
uben,Woodhull (Town),1.3 MILES SW OF BORDEN,COUNTY ROAD 127 CAMP BROOK,30 - County,2014,10/13/2016,N,7.00
uben,Woodhull (Town),2.2 MI SW OF BORDEN,COUNTY ROAD 127 CAMP BROOK,30 - County,2015,08/15/2017,N,6.91
uben,Woodhull (Town),2.7 MI SW OF BORDEN,COUNTY ROAD 127 CAMP BROOK,30 - County,2015,12/08/2015,N,7.00
uben,Woodhull (Town),1.5 MILES E OF WOODHULL,COUNTY ROAD 129 TUSCARORA CREEK,30 - County,1926,06/19/2017,N,5.91
uben,Woodhull (Town),IN WOODHULL,COUNTY ROAD 129 S BR TUSCARORA CK,30 - County,2007,09/25/2017,N,6.67
uben,Woodhull (Town),IN WOODHULL,COUNTY ROAD 129 TUSCARORA CREEK,30 - County,1920,09/19/2016,SD,4.17
uben,Woodhull (Town),IN WOODHULL,COUNTY ROAD 99 S BR TUSCARORA CK,30 - County,1986,09/25/2017,N,6.32
uben,Woodhull (Town),2.3 MI E OF WOODHULL,HARDER ROAD TUSCARORA CREEK,40 - Town,1902,07/12/2017,SD,3.66
"",,,"NY State Highway Bridge Data:  October 31, 2017",,,,,
"",,,Steuben County,,,,,
"",,,,,Year,Date,,NYS
"",,,,,Built or,of Last,SD/FO,Condition
nty Municipality,Location,,Feature Carried Feature Crossed,Owner,Replaced,Inspection,Status,Rating
uben Woodhull (Town),5.1 MILES S OF WOODHULL,,MCCASLIN ROAD HOLDEN CREEK,40 - Town,2005,11/19/2015,N,6.91
uben,0.2 m NE of Wagner Hill,,COUNTY ROAD 8 TRIB SALMON CREEK,30 - County,2015,09/28/2017,N,7.00
uben,.4 MI NW OF KANONA,,North Main Street Five Mile Creek,40 - Town,2015,12/08/2015,N,7.00
"rrent as of October 31, 2017",,,,,,,,
rally Deficient (SD)/Functionally Obsolete (FO) info is current as of,,,,,,,,
Status,,,,,,,,
"= Structurally Deficient",,,,,,,,
"= Functionally Obsolete",,,,,,,,
Neither SD/FO,,,,,,,,
k = No data available,,,,,,,,
tems,,,,,,,,
k = Data not available,,,,,,,,
ondition Rating,,,,,,,,
"se refer to the narrative, FAQs and the 'Key to New York State Highway Bridge Data' for additional",,,,,,,,
on.,,,,,,,,
